dte,short_delta,strike_width,profit_target,stop_loss,dte_min,initial_capital,final_value,total_pnl,total_return_pct,annualized_return_pct,sharpe_ratio,sortino_ratio,max_drawdown_pct,calmar_ratio,volatility_pct,total_trades,winning_trades,losing_trades,win_rate_pct,avg_win,avg_loss,largest_win,largest_loss,profit_factor,avg_days_in_trade,positive_months,total_months,positive_months_pct,best_month_pct,worst_month_pct,avg_monthly_return_pct,below_min_trades,stability_score,stability_n
24,0.31,20,0.8,0.30000000000000004,5,150000,227359.98461720248,77359.98461720248,51.57332307813499,7.232000812845696,0.6618035364818592,0.6197733255737464,-17.067651042831024,0.42372560785881397,8.02576315299364,1285,1002,283,77.97665369649806,229.9085800160258,-534.7629419041889,318.60501038427765,-1772.5425456919768,1.522212070200332,17.622568093385215,44,71,61.97183098591549,4.983874890722206,-6.634266621381791,0.6202117796313145,,0.49909911442739624,15
24,0.31,20,0.9,0.30000000000000004,5,150000,227170.7021675286,77170.7021675286,51.4471347783524,7.217007726074742,0.6480836794816855,0.5961298285357681,-17.661638755186512,0.4086261657885737,8.195704806038542,1285,988,297,76.88715953307394,237.2345199296398,-523.7256010874944,318.60501038427765,-1772.5425456919768,1.506865794999034,19.03579766536965,45,71,63.38028169014085,5.101955555775262,-7.003388172474956,0.6211946234747713,,0.5115261572334142,11
27,0.35,20,0.9,0.30000000000000004,5,150000,235836.02512178707,85836.02512178707,57.224016747858045,7.892977310045035,0.6107600130354437,0.5790817117520966,-20.120441292523214,0.3922864909020697,9.99812187386828,1368,1019,349,74.48830409356725,280.39813141793906,-567.6540710404734,377.5135091886779,-1842.0024905416474,1.4422485645112275,22.04093567251462,45,71,63.38028169014085,6.845557720251039,-8.510683731958002,0.6971860314881868,,0.4999665467058803,34
27,0.35,20,0.9,0.30000000000000004,5,150000,235836.02512178707,85836.02512178707,57.224016747858045,7.892977310045035,0.6107600130354437,0.5790817117520966,-20.120441292523214,0.3922864909020697,9.99812187386828,1368,1019,349,74.48830409356725,280.39813141793906,-567.6540710404734,377.5135091886779,-1842.0024905416474,1.4422485645112275,22.04093567251462,45,71,63.38028169014085,6.845557720251039,-8.510683731958002,0.6971860314881868,,0.4999665467058803,34
27,0.35,20,0.9,0.30000000000000004,5,150000,235836.02512178707,85836.02512178707,57.224016747858045,7.892977310045035,0.6107600130354437,0.5790817117520966,-20.120441292523214,0.3922864909020697,9.99812187386828,1368,1019,349,74.48830409356725,280.39813141793906,-567.6540710404734,377.5135091886779,-1842.0024905416474,1.4422485645112275,22.04093567251462,45,71,63.38028169014085,6.845557720251039,-8.510683731958002,0.6971860314881868,,0.4999665467058803,34
27,0.35,20,0.9,0.30000000000000004,5,150000,235836.02512178707,85836.02512178707,57.224016747858045,7.892977310045035,0.6107600130354437,0.5790817117520966,-20.120441292523214,0.3922864909020697,9.99812187386828,1368,1019,349,74.48830409356725,280.39813141793906,-567.6540710404734,377.5135091886779,-1842.0024905416474,1.4422485645112275,22.04093567251462,45,71,63.38028169014085,6.845557720251039,-8.510683731958002,0.6971860314881868,,0.4999665467058803,34
27,0.35,20,0.8,0.30000000000000004,5,150000,232260.95111861694,82260.95111861694,54.840634079077965,7.616637213253741,0.5896944630374495,0.563573464659352,-18.85338984304517,0.40399298357814645,9.903868223734188,1368,1032,336,75.43859649122807,269.1948064778711,-576.6955034719597,377.1078527892531,-1842.0024905416474,1.4337074156440341,20.111842105263158,45,71,63.38028169014085,6.801691496516504,-8.207939789096885,0.6736424377180718,,0.48908606981525404,41
27,0.35,20,0.8,0.30000000000000004,5,150000,232260.95111861694,82260.95111861694,54.840634079077965,7.616637213253741,0.5896944630374495,0.563573464659352,-18.85338984304517,0.40399298357814645,9.903868223734188,1368,1032,336,75.43859649122807,269.1948064778711,-576.6955034719597,377.1078527892531,-1842.0024905416474,1.4337074156440341,20.111842105263158,45,71,63.38028169014085,6.801691496516504,-8.207939789096885,0.6736424377180718,,0.48908606981525404,41
21,0.35,20,0.8,0.30000000000000004,5,150000,225289.98086623137,75289.98086623137,50.193320577487576,7.067467998621013,0.5841989194134696,0.5288273431963566,-18.333752150359256,0.385489448131463,8.968233400549845,1297,974,323,75.09637625289129,266.57751508981346,-565.5430923568944,382.77099108676686,-1757.6591201572246,1.4213932466936543,16.77255204317656,45,71,63.38028169014085,5.5224668540654775,-7.273050379616852,0.6177872428321034,,0.4694365104589071,21
21,0.35,10,0.9,0.4,7,150000,204607.45283090151,54607.452830901515,36.40496855393434,5.350446590852775,0.5797257291232892,0.6314115205983232,-11.278038732800352,0.47441285826514024,5.842837972427174,1401,997,404,71.16345467523197,170.43676227255884,-280.9324236506743,241.37888163217184,-669.1283325440626,1.4971840877404605,16.491077801570306,43,71,60.56338028169014,2.961616891747343,-3.990721614584969,0.454878864214261,,0.4916310496650259,5
24,0.35,20,0.7,0.30000000000000004,5,150000,223420.66554222087,73420.66554222087,48.94711036148058,6.917802270809803,0.5659554738195887,0.525042653364676,-16.51857963500409,0.418789170961798,9.017334452258169,1319,1011,308,76.64897649734648,252.7364225536616,-585.6531092842919,375.6805627039144,-1757.6591201572246,1.4165366633470384,15.759666413949962,43,71,60.56338028169014,5.981930426227944,-8.06798242825748,0.6063003697380115,,0.46066765942478394,21
24,0.35,15,0.8,0.30000000000000004,5,150000,217601.88656813384,67601.88656813384,45.06792437875589,6.445157963702153,0.5593533951427364,0.5380582122579737,-15.253532334507467,0.42253543784881387,8.204627842241782,1401,1035,366,73.87580299785867,226.4221523256863,-450.6113144507758,322.1905491086736,-1108.3344695638639,1.4209411338216271,17.05781584582441,46,71,64.7887323943662,4.322581665167058,-6.712403928703569,0.5593718730526906,,0.4921880208384849,40
27,0.32999999999999996,20,0.8,0.30000000000000004,5,150000,225857.58584794737,75857.58584794737,50.57172389863158,7.11270844927443,0.5526880029382081,0.5242239440147088,-19.08395207480637,0.37270626238179744,9.675913096172247,1357,1043,314,76.86072218128224,247.3220000746996,-574.3157969108146,345.12834421636967,-1881.724857487968,1.430430126598267,20.182756079587325,44,71,61.97183098591549,6.815545258201472,-7.190316325555801,0.6277184988247068,,0.491007296407445,45
30,0.35,20,0.9,0.30000000000000004,5,150000,229802.03806911915,79802.03806911915,53.20135871274611,7.42451066037948,0.5474479428055173,0.5212417652499413,-21.59736976911391,0.3437692061464432,10.44257001551394,1378,1013,365,73.51233671988389,282.0255156084828,-559.1737239515238,377.5135091886779,-1842.0024905416474,1.3997749829211992,22.95718432510885,45,71,63.38028169014085,6.992894814952777,-8.841641024989366,0.6654041918679545,,0.4962289354408934,27
30,0.35,20,0.9,0.30000000000000004,5,150000,229802.03806911915,79802.03806911915,53.20135871274611,7.42451066037948,0.5474479428055173,0.5212417652499413,-21.59736976911391,0.3437692061464432,10.44257001551394,1378,1013,365,73.51233671988389,282.0255156084828,-559.1737239515238,377.5135091886779,-1842.0024905416474,1.3997749829211992,22.95718432510885,45,71,63.38028169014085,6.992894814952777,-8.841641024989366,0.6654041918679545,,0.4962289354408934,27
24,0.32999999999999996,20,0.9,0.4,5,150000,223292.2427200665,73292.24272006651,48.86149514671101,6.907481963593631,0.547020879282003,0.5015295595482855,-21.493463378265286,0.32137593844362217,9.371202898756216,1299,1004,295,77.29022324865281,254.46435226498792,-611.868701539023,347.99536924354544,-1848.2037145100458,1.4154039690986755,19.61662817551963,45,71,63.38028169014085,5.83577095704777,-7.2972245937755975,0.6058441534058829,,0.5026499582056302,25
24,0.32999999999999996,20,0.9,0.4,5,150000,223292.2427200665,73292.24272006651,48.86149514671101,6.907481963593631,0.547020879282003,0.5015295595482855,-21.493463378265286,0.32137593844362217,9.371202898756216,1299,1004,295,77.29022324865281,254.46435226498792,-611.868701539023,347.99536924354544,-1848.2037145100458,1.4154039690986755,19.61662817551963,45,71,63.38028169014085,5.83577095704777,-7.2972245937755975,0.6058441534058829,,0.5026499582056302,25
24,0.32999999999999996,20,0.9,0.2,5,150000,212159.39062243045,62159.39062243045,41.43959374828697,5.993461473932271,0.5379210355945161,0.4770203757200131,-16.43538258685937,0.364668205455968,7.659653042609782,1299,920,379,70.82371054657429,255.43546276451968,-451.58980242996864,347.99536924354544,-1101.3250448627489,1.3730478813958369,17.587374903772133,44,71,61.97183098591549,4.544016826214081,-4.919074715999361,0.520277516801965,,0.4564558236500379,26
30,0.32999999999999996,20,0.9,0.30000000000000004,5,150000,226757.82476893978,76757.82476893978,51.17188317929319,7.184267553651558,0.5335518984847837,0.5017835365656366,-20.37449980181083,0.3526107449770639,10.25837278106143,1370,1043,327,76.13138686131387,257.0369255764932,-579.6657143956404,345.12834421636967,-1881.724857487968,1.4143420704294527,23.034306569343066,44,71,61.97183098591549,7.07153654831616,-8.401411880548459,0.6407231339450528,,0.48987575828615054,28
21,0.32999999999999996,20,0.7,0.30000000000000004,5,150000,213497.12006399783,63497.120063997834,42.33141337599856,6.105371377505153,0.5264577505152377,0.49113501808775306,-17.513255867938305,0.3486142967100891,8.091096566259171,1282,989,293,77.14508580343214,231.27637624265455,-558.2546622526193,344.6674360412522,-1770.324330124172,1.3983876714346317,14.888455538221528,45,71,63.38028169014085,5.253769380196038,-7.070313656973726,0.5327516547331763,,0.4694766045658244,14
27,0.35,20,0.9,0.2,5,150000,218709.58062259544,68709.58062259544,45.80638708173029,6.53593688291636,0.5220533014092013,0.47733527707397544,-17.62591954852898,0.37081395185772503,9.106166338243499,1368,941,427,68.78654970760235,280.8878899365568,-453.9286271843949,377.5135091886779,-1113.1468826277226,1.3636634221901454,20.296783625730995,45,71,63.38028169014085,4.92540779384727,-7.355652987974026,0.5799401850905165,,0.4957069226104803,25
27,0.35,20,0.9,0.2,5,150000,218709.58062259544,68709.58062259544,45.80638708173029,6.53593688291636,0.5220533014092013,0.47733527707397544,-17.62591954852898,0.37081395185772503,9.106166338243499,1368,941,427,68.78654970760235,280.8878899365568,-453.9286271843949,377.5135091886779,-1113.1468826277226,1.3636634221901454,20.296783625730995,45,71,63.38028169014085,4.92540779384727,-7.355652987974026,0.5799401850905165,,0.4957069226104803,25
27,0.35,20,0.9,0.2,5,150000,218709.58062259544,68709.58062259544,45.80638708173029,6.53593688291636,0.5220533014092013,0.47733527707397544,-17.62591954852898,0.37081395185772503,9.106166338243499,1368,941,427,68.78654970760235,280.8878899365568,-453.9286271843949,377.5135091886779,-1113.1468826277226,1.3636634221901454,20.296783625730995,45,71,63.38028169014085,4.92540779384727,-7.355652987974026,0.5799401850905165,,0.4957069226104803,25
24,0.35,15,0.7,0.30000000000000004,7,150000,208318.87443786542,58318.87443786542,38.87924962524362,5.668881864430175,0.5122335302259989,0.5194777764260102,-12.287712475089114,0.4613455820945276,7.40579926398097,1401,1021,380,72.87651677373304,204.78645403784054,-391.9652503547422,322.1905491086736,-808.4124372728343,1.4037695096655434,14.324054246966453,43,71,60.56338028169014,3.8328461418464688,-6.586277308303612,0.48983083770935215,,0.45952999850319237,22
21,0.27,20,0.9,0.2,5,150000,202585.48746255448,52585.487462554476,35.056991641702986,5.174936836845867,0.5061996893381278,0.4350426011307194,-15.893520688338075,0.32560040901717857,6.434788840292542,1211,917,294,75.72254335260115,196.96368659340882,-430.12215354975933,266.1754464084408,-986.6383498404916,1.428289876812733,17.061932287365813,45,71,63.38028169014085,4.061694040374797,-4.546172598953946,0.44488986604411845,,0.5061996893381278,1
21,0.35,10,0.9,0.4,9,150000,194876.28717051455,44876.28717051455,29.917524780343037,4.492100060905813,0.49664089348317086,0.5557713862363494,-8.713809805444969,0.5155150457953361,5.088399738943561,1401,996,405,71.09207708779444,145.4957941942267,-242.50919468387147,236.90567183989486,-669.1283325440626,1.475456959567515,14.383297644539615,47,71,66.19718309859155,2.348257432350942,-4.040720614287907,0.37967573305076746,,0.4455600977352769,4
27,0.35,15,0.9,0.30000000000000004,7,150000,213231.76427334678,63231.76427334678,42.15450951556452,6.0832190960920185,0.49279023121370596,0.49579140694769985,-15.39532056923954,0.39513429218528456,8.707262716986431,1401,988,413,70.52105638829408,232.2608574916074,-398.1129852987739,318.20837003209436,-1379.5451990706026,1.3956501762898594,20.875802997858674,44,71,61.97183098591549,4.47125498387948,-6.813566093088264,0.53904139629644,,0.49810846564494116,35
30,0.35,20,0.8,0.2,5,150000,214943.62065383428,64943.62065383428,43.295747102556184,6.2257260374485535,0.48399729314137263,0.45027708574469616,-17.00728605973845,0.3660622873973284,9.24606502335618,1378,956,422,69.37590711175616,270.2573015597248,-454.1018000883762,377.1078527892531,-1113.1468826277226,1.3482475941263008,19.15529753265602,45,71,63.38028169014085,4.695795095791877,-7.585419220829914,0.5557912102811648,,0.48245430306407255,26
24,0.35,20,0.9,0.2,5,150000,210502.13024258803,60502.13024258803,40.334753495058685,5.854003510297501,0.47912000513579933,0.42492656082997143,-15.642944409051706,0.37422644722243675,8.461503505003439,1319,913,406,69.2191053828658,277.26889116941123,-470.2701167367365,382.77099108676686,-1113.1468826277226,1.3258625602369287,17.55041698256255,45,71,63.38028169014085,4.803555962259809,-6.629001674931068,0.5193976602908836,,0.4893069063099229,22
24,0.35,20,0.9,0.2,5,150000,210502.13024258803,60502.13024258803,40.334753495058685,5.854003510297501,0.47912000513579933,0.42492656082997143,-15.642944409051706,0.37422644722243675,8.461503505003439,1319,913,406,69.2191053828658,277.26889116941123,-470.2701167367365,382.77099108676686,-1113.1468826277226,1.3258625602369287,17.55041698256255,45,71,63.38028169014085,4.803555962259809,-6.629001674931068,0.5193976602908836,,0.4893069063099229,22
24,0.35,20,0.9,0.2,5,150000,210502.13024258803,60502.13024258803,40.334753495058685,5.854003510297501,0.47912000513579933,0.42492656082997143,-15.642944409051706,0.37422644722243675,8.461503505003439,1319,913,406,69.2191053828658,277.26889116941123,-470.2701167367365,382.77099108676686,-1113.1468826277226,1.3258625602369287,17.55041698256255,45,71,63.38028169014085,4.803555962259809,-6.629001674931068,0.5193976602908836,,0.4893069063099229,22
30,0.32999999999999996,20,0.8,0.30000000000000004,5,150000,219107.1343916639,69107.13439166389,46.07142292777592,6.568424349021451,0.47792141900969276,0.45448786269819785,-20.317468369028425,0.323289507812609,10.241887939517015,1370,1048,322,76.4963503649635,246.92268029604477,-583.4994862069029,345.12834421636967,-1881.724857487968,1.3772916530216721,20.96934306569343,43,71,60.56338028169014,7.056334658999264,-8.10549563239541,0.5914370582333219,,0.48331500705076846,32
21,0.32999999999999996,10,0.9,0.4,7,150000,197398.95792097514,47398.95792097514,31.599305280650093,4.717980145688849,0.47783133256672605,0.5096714268466217,-11.143106666494624,0.4233989933772232,5.825458450103846,1401,1007,394,71.87723054960742,158.17467796997607,-279.3442710528508,223.3992654514674,-933.7193165577329,1.4472062806903494,16.568165596002856,43,71,60.56338028169014,3.026509677942024,-3.914141480171096,0.40412008620956086,,0.4243413913298866,8
33,0.35,20,0.8,0.30000000000000004,7,150000,223169.24465393065,73169.24465393065,48.77949643595377,6.897592968756006,0.4718167236543907,0.46507585901845927,-20.914585129888525,0.32979822099836076,11.263656403219143,1394,1043,351,74.82065997130559,265.2060407941741,-574.4400452832629,386.39076480796405,-1836.4674792924227,1.3718792782560383,22.926829268292682,44,71,61.97183098591549,6.794336232096376,-9.169187095521291,0.6338747399343456,,0.4541054878302621,15
24,0.35,20,0.6000000000000001,0.30000000000000004,7,150000,207836.7813358249,57836.7813358249,38.55785422388326,5.6277869761764965,0.46981987983270024,0.4548538594533321,-15.619130234589212,0.36031372372537934,8.108543320839932,1319,1005,314,76.19408642911296,220.37193705745545,-515.676163716397,375.6805627039144,-1113.1468826277226,1.3677780989366861,13.065200909780136,44,71,61.97183098591549,4.496486857993776,-6.955905237878801,0.49557614702366387,,0.44247291197666067,8
33,0.35,20,0.9,0.2,5,150000,218184.51967178786,68184.51967178786,45.45634644785857,6.4929543406205825,0.46847488249752667,0.4367855411169817,-20.791255689753722,0.3122925540192562,10.31549746193054,1394,946,448,67.8622668579627,285.10568178596094,-445.7885162896504,386.39076480796405,-1023.2001993215339,1.3504860985185674,23.952654232424678,44,71,61.97183098591549,5.521022489953942,-7.527678227898771,0.5917338905938881,,0.49105920273754994,9
21,0.29000000000000004,20,0.7,0.30000000000000004,5,150000,204895.69072711916,54895.69072711916,36.59712715141277,5.375348432012594,0.4657005581145841,0.42075817573767327,-16.522944172130714,0.3253263084359509,7.575909091940747,1235,977,258,79.10931174089069,196.8178811096245,-526.3173609186529,289.85764732113006,-1914.0485525657903,1.4160927978910907,14.995141700404858,45,71,63.38028169014085,4.6635589986867565,-6.577855618201955,0.46895658026513054,,0.514025459811471,3
21,0.32999999999999996,20,0.9,0.4,5,150000,212903.54094761156,62903.54094761156,41.93569396507437,6.055786785699047,0.4621941465198964,0.41787836700746805,-21.51447408430303,0.28147500896233163,9.35616163405899,1282,976,306,76.13104524180967,252.174452387242,-593.3075966744005,347.99536924354544,-1848.2037145100458,1.3556562122096647,18.485959438377535,45,71,63.38028169014085,5.584008340659685,-8.270683649744882,0.5405799497491498,,0.49939497566646257,12
21,0.31,10,0.9,0.30000000000000004,7,150000,194074.88148747772,44074.881487477716,29.383254324985142,4.419832893846931,0.4597378359392661,0.47380028036158006,-9.543146812660114,0.4631420830688154,5.379631098907611,1401,1002,399,71.5203426124197,146.5305929975264,-252.95105938866223,202.8181740118516,-934.0800832337516,1.4547441867057624,16.216987865810136,43,71,60.56338028169014,2.674998584188648,-4.124872443718919,0.3791603539463114,,0.3536018037201722,4
30,0.35,20,0.9,0.30000000000000004,7,150000,217596.87578768865,67596.87578768865,45.0645838584591,6.444746442099936,0.4587252623345687,0.4396423207926763,-20.753598709232453,0.31053633311474427,10.468903543112965,1378,993,385,72.06095791001451,272.1921887531043,-521.8144614134447,377.5135091886779,-1842.0024905416474,1.3453895993452483,22.265602322206096,44,71,61.97183098591549,5.527714527639915,-8.715889830834955,0.5883520581513701,,0.49403982023132614,28
21,0.35,15,0.9,0.2,5,150000,201240.04969427985,51240.04969427985,34.1600331295199,5.0573413533361755,0.4538567193811272,0.42342884855756685,-11.552396179927674,0.43777423095334306,7.017260924861807,1400,935,465,66.78571428571428,232.36521337661557,-353.12134368363195,322.1905491086736,-1108.3344695638639,1.3231400077965818,16.130714285714287,43,71,60.56338028169014,3.933489818596936,-6.238977197139073,0.44098804937924246,,0.4877813197114151,9
27,0.32999999999999996,20,0.7,0.2,5,150000,206295.04880875468,56295.048808754684,37.53003253916979,5.495831006777485,0.45296839337559425,0.42906006742558894,-15.832806747447236,0.34711666064285107,8.140262791722435,1357,992,365,73.10243183492999,228.05539640022,-460.74466964464335,344.0936842913845,-1116.9160263468375,1.3452371163457462,15.997052321296978,44,71,61.97183098591549,4.487624358394271,-5.824827435049363,0.483774755494576,,0.40756868988955874,20
21,0.31,10,0.9,0.30000000000000004,5,150000,196240.80333596055,46240.80333596055,30.8272022239737,4.61457898345603,0.44824952143259683,0.4332759828751035,-11.686093404623005,0.3948778110596402,6.015003200117586,1401,1032,369,73.66167023554604,154.80067357569024,-302.6888666509065,202.8181740118516,-934.0800832337516,1.4303085342303246,17.333333333333332,47,71,66.19718309859155,3.2813156130313104,-5.212423885498474,0.39898929726044585,,0.3536018037201722,4
24,0.29000000000000004,20,0.9,0.30000000000000004,9,150000,200845.58740220248,50845.58740220248,33.89705826813499,5.022740102801326,0.44812653867717916,0.41534256884769893,-13.262662946252487,0.37871279117596496,7.035690881098479,1261,938,323,74.38540840602697,187.73690995058254,-382.7007248652426,289.85764732113006,-1914.0485525657903,1.4245926409443126,16.704203013481365,44,71,61.97183098591549,3.470615749709749,-4.643170723392275,0.43363401485204073,,0.3789413014791281,2
30,0.32999999999999996,20,0.7,0.30000000000000004,5,150000,213072.15104670534,63072.151046705345,42.04810069780356,6.069883304157075,0.4463273681627102,0.4338487536640001,-18.22730958876633,0.3330103806377439,9.817941065142884,1370,1066,304,77.81021897810218,228.60147770869932,-588.276395364473,345.12834421636967,-1881.724857487968,1.3626403088534442,18.292700729927006,43,71,60.56338028169014,6.718153255620973,-8.08271463353626,0.5454159115157649,,0.4442049548148567,16
33,0.35,20,0.7,0.2,5,150000,210170.45560027513,60170.455600275134,40.11363706685009,5.825983531996348,0.44287353143736685,0.4372887323164264,-16.44369534889398,0.3542989217681055,9.25212023692871,1394,994,400,71.30559540889526,245.51584598341603,-455.1502382681828,383.0213920119447,-930.6161776199718,1.3404516266765145,18.263988522238165,43,71,60.56338028169014,5.1762297072938335,-6.500518204354977,0.5233936668963609,,0.4185078673884224,7
24,0.35,10,0.7,0.4,7,150000,194481.9220774103,44481.9220774103,29.654614718273535,4.456568954365059,0.4356391191497683,0.48455119475359565,-11.855459493525066,0.3759085809199586,5.8136542793912005,1401,1027,374,73.30478229835832,155.3142143318213,-302.6857648165852,234.49428564124125,-669.1283325440626,1.4090228911129175,13.835117773019272,43,71,60.56338028169014,2.9953046906978864,-3.9570629652831535,0.3802549557683376,,0.42672871763576364,5
27,0.32999999999999996,20,0.8,0.4,5,150000,215443.02333449965,65443.02333449965,43.62868222299977,6.267121852570501,0.43540482873956377,0.4182699607396374,-24.5136157993218,0.25565881034750854,10.701372200735554,1357,1057,300,77.89240972733971,246.71543617046314,-645.2369756590375,345.12834421636967,-1881.724857487968,1.3471960735347077,20.846720707442888,45,71,63.38028169014085,6.808149802149965,-7.8295255798492835,0.5684190367735394,,0.4828735310654832,36
27,0.35,20,0.9,0.2,9,150000,206030.28442951132,56030.28442951132,37.35352295300755,5.4730874742537905,0.43493370957300914,0.4088446034239136,-15.711224404902355,0.3483552480191187,8.497880332996239,1368,929,439,67.9093567251462,253.0918729558925,-403.90356616524923,372.50117297699154,-1113.1468826277226,1.3260249809358609,18.728070175438596,41,71,57.74647887323944,4.057679160571714,-7.347303534426464,0.4881585937276701,,0.44845457879299994,5
24,0.35,20,0.9,0.2,7,150000,204362.88281159554,54362.88281159554,36.24192187439703,5.329294461939527,0.4342267991203399,0.3946475993220505,-15.055053906340754,0.3539870727194794,8.125344915261454,1319,882,437,66.868840030326,269.0142937244288,-414.6293461175772,382.77099108676686,-1113.1468826277226,1.3094908484619463,16.902198635329796,45,71,63.38028169014085,4.442995699260832,-6.635366687946487,0.47465646713220494,,0.48694285427788314,23
24,0.32999999999999996,20,0.8,0.4,7,150000,207450.2505482113,57450.250548211305,38.30016703214087,5.5947807394466365,0.43148224474081714,0.40784368926798054,-19.609524206306318,0.28530935685055453,8.917088546895174,1299,967,332,74.44187836797536,238.2613510412593,-515.84269852023,344.6674360412522,-1848.2037145100458,1.3453172248672285,17.32409545804465,44,71,61.97183098591549,4.847803616624424,-6.127833139228345,0.4966234975282524,,0.48463401488221486,32
33,0.32999999999999996,15,0.9,0.30000000000000004,5,150000,210833.6973136319,60833.697313631914,40.55579820908794,5.881977705704666,0.430149459904579,0.4298432342740388,-19.798561976876183,0.29709115806362846,9.762342990194938,1401,1020,381,72.80513918629549,226.02118520022594,-440.64727451609167,297.49930269743226,-1393.3477324727385,1.3731982956828945,25.538187009279085,44,71,61.97183098591549,5.441268495151896,-7.983498212569751,0.5344479660094591,,0.4487178224865576,13
27,0.35,20,0.8,0.30000000000000004,11,150000,205182.32882213854,55182.328822138545,36.788219214759025,5.400083170437964,0.42159689172337633,0.418387763900401,-18.136875616785336,0.29774054167523145,8.62846590365506,1368,986,382,72.07602339181285,224.08120345659674,-429.27575336674863,375.6805627039144,-1842.0024905416474,1.3473568082655247,17.35453216374269,45,71,63.38028169014085,4.240507536850613,-7.999831421091619,0.48274566931011714,,0.42826530064819274,2
27,0.35,20,0.8,0.4,5,150000,215680.968389847,65680.968389847,43.787312259897995,6.286817195260319,0.4214836787563963,0.40937142611631666,-24.1721923985738,0.2600846911855315,11.240840785609258,1368,1045,323,76.38888888888889,268.8576087980207,-660.9809065142932,377.1078527892531,-1842.0024905416474,1.3159736259493313,20.88669590643275,45,71,63.38028169014085,7.561011664721273,-9.754361483819185,0.5817915463671188,,0.4793952388264933,32
27,0.35,20,0.8,0.4,5,150000,215680.968389847,65680.968389847,43.787312259897995,6.286817195260319,0.4214836787563963,0.40937142611631666,-24.1721923985738,0.2600846911855315,11.240840785609258,1368,1045,323,76.38888888888889,268.8576087980207,-660.9809065142932,377.1078527892531,-1842.0024905416474,1.3159736259493313,20.88669590643275,45,71,63.38028169014085,7.561011664721273,-9.754361483819185,0.5817915463671188,,0.4793952388264933,32
27,0.29000000000000004,20,0.8,0.30000000000000004,5,150000,207635.66393006904,57635.663930069044,38.42377595337936,5.610619747312495,0.4200535031638553,0.39133781431988324,-20.188834155983564,0.27790707001521536,9.27356978995348,1341,1062,279,79.19463087248322,205.7792542885519,-570.4609466824523,292.4466348359499,-1671.7951411588062,1.3730804517713988,20.166293810589114,45,71,63.38028169014085,5.336173556185697,-6.648897715156443,0.4998351889089877,,0.40007330920697465,7
24,0.35,20,0.8,0.4,5,150000,211833.38906853538,61833.38906853538,41.22225937902359,5.966100336094393,0.41667259270047596,0.3862614941233109,-22.353222322448655,0.26690113174881375,10.433789997719337,1319,1007,312,76.34571645185747,267.6110305379007,-660.0519829588497,382.77099108676686,-1837.7913052391057,1.3085814116373353,18.299469294920396,45,71,63.38028169014085,6.71856548955847,-9.226294759944976,0.5474161803366239,,0.4812168896838673,28
24,0.31,15,0.7,0.30000000000000004,5,150000,200467.71511102328,50467.71511102328,33.645143407348854,4.989541014563348,0.41457228483796993,0.39001518551201464,-14.6291129450813,0.34106927968185285,7.63643150300974,1398,1078,320,77.1101573676681,179.73724032015042,-442.0988436066621,272.18399993186136,-1348.9630757723664,1.3695802128521615,14.951359084406295,44,71,61.97183098591549,4.486539985739757,-5.39767262744959,0.4404869984945987,,0.4625275050991009,11
21,0.35,20,0.9,0.4,7,150000,207812.590353663,57812.59035366299,38.541726902441994,5.625722783870568,0.4120894822807513,0.3844323661936772,-18.49640583532251,0.30415221389266606,9.552314176564167,1297,935,362,72.08943716268311,262.41412745337544,-513.4213226941234,382.77099108676686,-1837.7913052391057,1.32012893857596,17.49190439475713,44,71,61.97183098591549,4.969413304150727,-7.067268923483649,0.5092233817406254,,0.4682852492034007,10
30,0.32999999999999996,15,0.7,0.30000000000000004,5,150000,202935.03500207423,52935.03500207423,35.29002333471615,5.20538201177696,0.4073897006367006,0.4101767662402867,-15.444023874367987,0.3370483012795769,8.433207019874631,1400,1062,338,75.85714285714286,194.06123781296407,-447.7455608145752,293.7119918178397,-1408.6487833095218,1.3618062559497754,17.305714285714284,43,71,60.56338028169014,4.493973822908659,-6.756934624137045,0.46426743037009316,,0.4442049548148567,16
30,0.35,20,0.9,0.4,5,150000,213119.10316669408,63119.10316669408,42.07940211112939,6.07380704795808,0.3886536968992867,0.37419613006679514,-26.99720991932606,0.22497906509998727,11.859812867638786,1378,1028,350,74.60087082728593,281.64793394325494,-641.7816369342981,377.5135091886779,-1842.0024905416474,1.2889745823238044,23.74600870827286,45,71,63.38028169014085,7.820853609567058,-9.994381595552394,0.5743466647338128,,0.48417516472702005,23
30,0.35,20,0.9,0.4,5,150000,213119.10316669408,63119.10316669408,42.07940211112939,6.07380704795808,0.3886536968992867,0.37419613006679514,-26.99720991932606,0.22497906509998727,11.859812867638786,1378,1028,350,74.60087082728593,281.64793394325494,-641.7816369342981,377.5135091886779,-1842.0024905416474,1.2889745823238044,23.74600870827286,45,71,63.38028169014085,7.820853609567058,-9.994381595552394,0.5743466647338128,,0.48417516472702005,23
21,0.31,20,0.9,0.30000000000000004,13,150000,191785.8188805387,41785.81888053869,27.857212587025792,4.21203909764416,0.3885053759401633,0.3788486930990803,-14.58257196187179,0.2888406180101244,5.934079807960924,1264,899,365,71.12341772151899,180.6058220284068,-325.85100033706425,315.2556000231883,-1720.7727863033308,1.3651473012149113,13.623417721518987,44,71,61.97183098591549,3.2930388837424607,-4.535559680809675,0.36694705918769194,,0.3885053759401633,1
21,0.32999999999999996,20,0.8,0.2,7,150000,196334.3125554724,46334.312555472396,30.889541703648266,4.622946394348726,0.383114993343149,0.3418648078964495,-13.971355368127869,0.3308874674317436,7.280075183777862,1282,878,404,68.48673946957878,238.83574359516527,-400.2397780225555,344.6674360412522,-1006.7221680365683,1.296857400270754,14.862714508580343,43,71,60.56338028169014,4.140438853256456,-4.801538131207228,0.40827800720816226,,0.4707443697965208,17
24,0.35,20,0.8,0.4,7,150000,205004.3502181921,55004.35021819209,36.66956681212806,5.38472832559902,0.37821605466264585,0.35856074009534145,-19.76868274693013,0.27238680465117043,9.890514427752125,1319,963,356,73.0098559514784,259.5577397251288,-542.7950930818466,382.77099108676686,-1837.7913052391057,1.2935236091865203,17.42153146322972,44,71,61.97183098591549,5.141234319953392,-8.962336544880745,0.49493007936139527,,0.4812168896838673,28
27,0.35,15,0.8,0.2,5,150000,197092.95475604976,47092.95475604976,31.39530317069984,4.690709058899523,0.37075023683842157,0.36110472239339403,-13.151603893408284,0.35666441119402575,7.804778878175683,1401,926,475,66.0956459671663,230.1302431535002,-345.6554745349982,314.9038588819008,-850.9774159988131,1.2979191305222435,17.393290506780872,43,71,60.56338028169014,3.7107897612242313,-7.0239849423722855,0.4193772093832801,,0.4875835021912372,31
24,0.27,20,0.9,0.5,5,150000,198533.34323760975,48533.34323760975,32.3555621584065,4.818770940872752,0.35521891072784006,0.3222085223079967,-23.101360763294405,0.20859251497120743,8.698482995838432,1240,992,248,80.0,195.43570858462203,-579.5438696708211,266.1754464084408,-1920.2897510199834,1.3488932853047266,19.691935483870967,44,71,61.97183098591549,4.603640531270625,-7.672766977019874,0.4306197579589161,,0.33945769570140827,2
21,0.35,15,0.8,0.5,5,150000,199600.34526861558,49600.34526861558,33.06689684574372,4.913138275335482,0.3446038980092072,0.34055181674929025,-20.41568731291652,0.24065505118836025,9.418354766609525,1400,1053,347,75.21428571428571,223.5996334873429,-530.346019578066,322.1905491086736,-1379.0567471380186,1.2794127373079291,17.09,46,71,64.7887323943662,4.869681586171004,-8.018358531812575,0.44926090152842085,,0.43427390582521785,13
27,0.32999999999999996,20,0.6000000000000001,0.30000000000000004,7,150000,198186.1409673743,48186.14096737429,32.124093978249526,4.787972819005515,0.3435564598392711,0.33760327491546227,-16.67708146225607,0.2870989645185675,8.981028851385197,1357,1049,308,77.30287398673545,205.2427293616548,-536.8486432890691,345.12834421636967,-1881.724857487968,1.3020890693571185,15.05674281503316,43,71,60.56338028169014,5.118566579801542,-7.280536190774067,0.43381834653063894,,0.40734944860110467,11
24,0.35,20,0.7,0.2,7,150000,194354.09388549495,44354.09388549495,29.5693959236633,4.445039153454089,0.3375410364457534,0.3141190934576549,-14.52664329308405,0.30599217339977747,7.898005553771484,1319,902,417,68.38514025777104,246.87623887673314,-423.53374959556174,366.5557585860656,-1113.1468826277226,1.2608451488256902,13.962092494313874,43,71,60.56338028169014,4.070150633935743,-6.641874845010431,0.4002961208308213,,0.44052864705239875,15
27,0.35,15,0.9,0.5,5,150000,201764.58736218285,51764.58736218285,34.5097249081219,5.103265176696858,0.33160681136563624,0.340290602785983,-24.236166601446815,0.2105640409482996,10.736797647398816,1401,1051,350,75.01784439685939,238.25966650473217,-562.357206098066,318.20837003209436,-1379.5451990706026,1.2722513976174268,22.927194860813703,45,71,63.38028169014085,5.5600881957779125,-9.26689260345357,0.4815305838586332,,0.40278282794772163,13
24,0.35,20,0.7,0.4,7,150000,198921.76491120082,48921.76491120082,32.614509940800545,4.8531723058909515,0.331250771759141,0.31832560419287337,-19.045485733586236,0.2548200856506644,9.71053753224339,1319,978,341,74.14708112206216,244.67854409989963,-553.2526428695942,375.6805627039144,-1837.7913052391057,1.2684018484346722,15.658074298711146,43,71,60.56338028169014,5.048551764156017,-8.94775259226568,0.4492215931339628,,0.4608454595567294,19
21,0.27,20,0.9,0.4,5,150000,193436.7121884998,43436.712188499805,28.957808125666535,4.3621078372629185,0.3236964806749764,0.2862497388836345,-21.47416220288995,0.20313285314925464,8.019708802586626,1211,958,253,79.10817506193229,195.75776406683534,-563.3396276187995,266.1754464084408,-1902.5497450393752,1.3158115111427187,18.40132122213047,45,71,63.38028169014085,4.6445801705363055,-6.645666560996788,0.3906007102176286,,0.33945769570140827,2
30,0.31,20,0.9,0.30000000000000004,7,150000,198573.23197516776,48573.23197516776,32.382154650111836,4.822306348106031,0.3183399751080946,0.30063827665015724,-22.455098289536117,0.21475329503915752,10.151779252465635,1368,1025,343,74.92690058479532,226.56663191351362,-530.2599584146226,319.74443722646777,-1704.9926537229046,1.2768411201542584,22.22953216374269,43,71,60.56338028169014,5.513603191919936,-8.083601350110591,0.45027948822370256,,0.4187883202079144,9
33,0.35,20,0.9,0.4,7,150000,205418.4484217657,55418.4484217657,36.94563228117713,5.420436949056651,0.3181514987806318,0.31496651367707096,-28.15812900309475,0.19249989757703403,12.989969929076539,1394,1045,349,74.96413199426112,272.24498490774783,-651.1901455784032,386.39076480796405,-1836.4674792924227,1.25182301525647,26.182209469153516,44,71,61.97183098591549,7.611865029879361,-11.175268344793455,0.5418989239718858,,0.4562519541578255,10
27,0.31,15,0.9,0.4,9,150000,192806.96358916405,42806.96358916405,28.537975726109366,4.304988912313967,0.30975606428107694,0.31364494965234063,-16.968763390201623,0.25370080384289073,8.26888624993371,1400,1019,381,72.78571428571429,183.18269080957342,-372.79842085517936,267.00609697028636,-1336.2487246275882,1.3141942977132932,20.105714285714285,43,71,60.56338028169014,4.662009829583491,-6.960196346969272,0.3868793676279153,,0.3769262057017919,4
27,0.35,20,0.9,0.5,7,150000,199984.3965694023,49984.396569402306,33.32293104626821,4.94700165351043,0.2956230371566236,0.2911328369040248,-27.434621344385878,0.1803196622038586,12.0519739003079,1368,1001,367,73.17251461988305,271.1054348318138,-598.4025713822222,377.5135091886779,-1908.647396150239,1.235699258607066,22.40497076023392,44,71,61.97183098591549,6.3352559778115936,-10.796216468554821,0.4837316377024872,,0.40278282794772163,13
30,0.29000000000000004,20,0.9,0.4,5,150000,196854.61517183215,46854.61517183215,31.236410114554765,4.669443750856139,0.29122973024137583,0.2727248209767986,-27.928227496016262,0.16719441831824802,10.846821622183521,1364,1079,285,79.10557184750732,211.03457287716003,-628.3455753075615,289.1624754081338,-1837.589588760514,1.2715447034062337,23.635630498533725,43,71,60.56338028169014,5.866834709266278,-9.039122398099565,0.4406875947067078,,0.34320773617110856,3
24,0.35,15,0.7,0.5,7,150000,191221.0234978657,41221.02349786571,27.480682331910472,4.160451519213604,0.2818136456511075,0.2934550756273864,-17.882599192262514,0.23265362459243386,8.737314344453116,1401,1039,362,74.16131334760885,203.7375559735313,-465.85910817310906,322.1905491086736,-1379.0567471380186,1.2552304850127118,15.042826552462527,43,71,60.56338028169014,4.503352716454989,-8.920547939230083,0.38161722450834185,,0.3898050512925519,10
24,0.29000000000000004,20,0.6000000000000001,0.7000000000000001,15,150000,180887.04627472325,30887.046274723252,20.591364183148837,3.19342372801954,0.2654597945685291,0.27503282663679096,-9.790205468867049,0.32618556762415857,4.7399206736714845,1261,890,371,70.57890563045203,141.1108368459557,-250.84177498168833,273.31085568671926,-1841.3904895753356,1.3495115292937974,9.647898493259317,47,71,66.19718309859155,2.4312315119460415,-3.254928223378717,0.2745843965952078,,0.2654597945685291,1
30,0.32999999999999996,20,0.9,0.6,7,150000,192012.45804369904,42012.458043699036,28.008305362466025,4.232704448479296,0.2328546840792472,0.22948306155580295,-31.6314466021736,0.13381317970416315,12.724742334753824,1370,1034,336,75.47445255474453,248.50771721003406,-634.415242712822,345.12834421636967,-1911.3608677096233,1.205445367598156,23.675912408759125,43,71,60.56338028169014,6.384363417922567,-11.277167585665104,0.43147497287805747,,0.28669484420050234,3
21,0.32999999999999996,15,0.9,0.5,11,150000,181326.83465783906,31326.834657839063,20.884556438559375,3.2355031024315917,0.2280424357679213,0.23570506404793082,-14.590412143025322,0.22175542888815958,5.9931247355477915,1400,967,433,69.07142857142857,161.7893625543072,-284.76554025914237,293.8508520483655,-1286.5285516881006,1.268823190917673,13.286428571428571,44,71,61.97183098591549,2.9336607263562353,-4.474017289787757,0.28628710020570824,,0.36234166462554607,2
39,0.35,15,0.6000000000000001,0.5,7,150000,186917.31786460415,36917.31786460415,24.611545243069433,3.763137691495033,0.2104783097015476,0.23816966604329579,-22.591945707518498,0.16656988026678365,10.883656124926977,1401,1130,271,80.65667380442541,179.7926040627871,-606.7417886582203,306.519361047173,-1394.1194391439412,1.2355976332299174,19.981441827266238,43,71,60.56338028169014,6.162349805552747,-7.98824838124681,0.3621232163707254,,0.2104783097015476,2
39,0.35,15,0.6000000000000001,0.5,7,150000,186917.31786460415,36917.31786460415,24.611545243069433,3.763137691495033,0.2104783097015476,0.23816966604329579,-22.591945707518498,0.16656988026678365,10.883656124926977,1401,1130,271,80.65667380442541,179.7926040627871,-606.7417886582203,306.519361047173,-1394.1194391439412,1.2355976332299174,19.981441827266238,43,71,60.56338028169014,6.162349805552747,-7.98824838124681,0.3621232163707254,,0.2104783097015476,2
30,0.35,15,0.6000000000000001,0.2,7,150000,180813.7613071212,30813.761307121196,20.542507538080798,3.186403478950628,0.19922903567672315,0.20435473784214672,-12.565406192872345,0.2535853939014003,6.92463532461431,1401,964,437,68.807994289793,185.76609656785962,-335.11088280166615,308.73037196872826,-769.5970256583735,1.2228509367817109,13.126338329764454,42,71,59.154929577464785,3.1521428435026477,-6.738018160814496,0.28799803797130835,,0.3820574148547277,6
27,0.35,5,0.9,0.30000000000000004,9,150000,175395.6370108322,25395.6370108322,16.930424673888133,2.6607001210343872,0.1986028242861061,0.2319459482100757,-6.494159994757524,0.40970658609924365,3.463266496563999,1401,959,442,68.45110635260528,92.78661686837596,-139.74078861079883,136.2341108756925,-314.3349874847662,1.4406500147850252,17.891506067094934,44,71,61.97183098591549,1.7065887426726212,-2.9269226880327848,0.22585514277789157,,0.1986028242861061,1
21,0.22999999999999998,20,0.9,0.5,5,150000,178408.4798636248,28408.479863624787,18.93898657574986,2.954667553350321,0.15591535301833542,0.13295040676001724,-21.82434958926859,0.13538399122799893,7.845387324979633,1176,964,212,81.97278911564626,155.3487623873307,-565.1836182914583,208.67035634807618,-1973.4301927658719,1.2498543476704786,18.56122448979592,47,71,66.19718309859155,4.638394964666559,-6.857344867635096,0.2757130204362477,,0.15591535301833542,1
24,0.35,15,0.4,0.2,5,150000,175374.51577260348,25374.51577260348,16.91634384840232,2.658624507857077,0.14716581995877664,0.14831981741938716,-8.649561021274312,0.3073710332024908,5.159767962858103,1401,1063,338,75.87437544610992,139.10168138277038,-357.00967910448094,309.09979448530345,-1033.304695234423,1.2253748234832147,7.967880085653105,40,71,56.33802816901409,2.3617399001303108,-4.722635482537374,0.2317201404871443,,0.14716581995877664,1
24,0.27,20,0.6000000000000001,0.6,11,150000,174853.7641270548,24853.764127054805,16.5691760847032,2.607383621214243,0.12627901828252006,0.12426023290628446,-16.740770276042216,0.1557505167456769,5.977587125251683,1240,924,316,74.51612903225806,143.23099906762113,-335.0622753527077,266.1754464084408,-1930.3417741930934,1.2499607514314701,11.84758064516129,47,71,66.19718309859155,2.9823592480485717,-4.804675257530933,0.23446491950372092,,0.12627901828252006,1
21,0.31,15,0.7,0.7000000000000001,5,150000,176078.812416042,26078.812416041997,17.385874944028,2.727724810151577,0.12098607805957999,0.118500561840296,-22.268019684782413,0.12249516790285837,9.387325308300221,1393,1081,312,77.60229720028715,178.45506181230465,-528.910927574012,272.18399993186136,-1420.7182486951153,1.1690078598063338,15.515434314429289,46,71,64.7887323943662,4.629581278296135,-7.982761295200302,0.2730286216166508,,0.12098607805957999,1
24,0.35,20,0.7,0.2,17,150000,172544.46508019697,22544.46508019697,15.02964338679798,2.378611640663575,0.10807601642345244,0.11793636718250357,-9.128364646226956,0.2605736879328907,4.003146003524229,1319,862,457,65.35253980288097,141.45202709543597,-213.7253441490145,331.5733767111552,-930.0936850836006,1.2483725663036864,7.7596664139499625,41,71,57.74647887323944,2.268615847321187,-3.0999208499862374,0.2053814901472938,,0.10807601642345244,1
21,0.35,5,0.9,0.7000000000000001,5,150000,172593.33119858368,22593.331198583677,15.062220799055783,2.383478902694325,0.10500696378355512,0.11845532537093226,-11.461754078322524,0.2079506231251436,4.271205180113548,1401,1018,383,72.66238401142041,104.76744697758583,-214.7222710825889,137.8200989822739,-525.6800339889303,1.2968754616974216,17.948608137044967,47,71,66.19718309859155,2.0137404696422667,-3.644002316490813,0.20741751205721234,,0.10500696378355512,1
24,0.22999999999999998,20,0.9,0.30000000000000004,9,150000,173030.41449514736,23030.414495147357,15.353609663431572,2.426963235009416,0.09470740031819841,0.08334611612938224,-13.44564625383702,0.1805017913747974,6.373560123538259,1203,907,296,75.39484621778885,137.97940752825286,-339.70610855745235,208.67035634807618,-1233.164550880714,1.2445905393758827,16.909393183707397,43,71,60.56338028169014,3.112086861418839,-5.906970464773764,0.21893662806598196,,0.09470740031819841,1
21,0.35,10,0.7,0.30000000000000004,15,150000,171254.00012569406,21254.00012569406,14.169333417129373,2.249659146620231,0.08674775956858362,0.10290849909067078,-5.840795088983994,0.3851631691142856,3.198856871889635,1401,904,497,64.52533904354033,104.32572105813571,-143.33028513258154,204.1532938905982,-559.2290587067055,1.3239313677510294,7.783012134189865,44,71,61.97183098591549,1.7855629399027961,-2.11324001750951,0.19009250039725895,,0.08674775956858362,1
21,0.32999999999999996,10,0.7,0.5,11,150000,170759.40946077238,20759.409460772382,13.839606307181587,2.200021708271249,0.062477195342802945,0.0698705767140926,-11.207856836566314,0.19629280962026072,4.385412582989116,1401,956,445,68.23697359029265,119.39720264030719,-205.7595871087497,199.19280249369783,-895.2263163871572,1.2466138664085018,11.066381156316917,46,71,64.7887323943662,2.0588261542453523,-3.064115785188426,0.19130015437446055,,0.062477195342802945,1
30,0.27,15,0.7,0.2,7,150000,169817.61858830703,19817.61858830703,13.211745725538018,2.105171245200732,0.04643045513398266,0.04358691399223277,-14.981382289291886,0.14051915935056455,6.736958955920444,1400,1026,374,73.28571428571429,141.84021163106598,-331.25785707272485,221.66730905754852,-631.0560356877759,1.1746512389685386,15.385714285714286,43,71,60.56338028169014,3.514409679668251,-5.493444483054056,0.19856700093452181,,0.23324197914891898,2
42,0.25,15,0.9,0.30000000000000004,5,150000,167283.49899398664,17283.498993986635,11.522332662657757,1.8477616873330716,0.03634152224678003,0.035605221666080426,-23.73005676056196,0.07786587727021155,10.430197253054956,1372,1085,287,79.08163265306123,133.61908302320248,-438.7094288718462,205.84202428727895,-1462.2648812228958,1.1514348236535514,31.54737609329446,42,71,59.154929577464785,5.722861669199553,-9.104752581873266,0.20305661196199634,,0.03634152224678003,1
21,0.27,10,0.9,0.2,7,150000,169382.68157422487,19382.681574224873,12.921787716149916,2.0612196671904837,0.03183925130535273,0.029859680879881032,-9.377862698055184,0.219796315381963,4.501645470356937,1401,932,469,66.52391149179158,126.21833547963632,-205.61088932372897,171.53050806954917,-433.5121183515533,1.2198864480442098,14.990720913633119,38,71,53.52112676056338,2.25583532698852,-3.9676528830830837,0.18110114412853243,,0.03183925130535273,1
24,0.31,5,0.8,0.4,7,150000,169355.8720906905,19355.872090690507,12.903914727127006,2.0585074238766543,0.028588524942099854,0.03206953002878756,-7.6260196710111545,0.26993208943607555,3.455463574577694,1401,997,404,71.16345467523197,83.25012728144488,-153.0277346756,117.16493500866102,-504.74194042931225,1.3425440683009524,14.554603854389722,43,71,60.56338028169014,1.7502447635182827,-2.3883247159335985,0.17625342090824328,,0.3536018037201722,4
45,0.32999999999999996,15,0.6000000000000001,0.6,23,150000,167493.19503194807,17493.195031948067,11.662130021298712,1.869184775254884,0.02062653517050589,0.02457484746587731,-16.088696056251845,0.11618000419173465,7.851110878790599,1401,1002,399,71.5203426124197,137.4615291629389,-296.7968851863398,225.24759356636247,-1411.710299743583,1.1630989344402785,18.37330478229836,42,71,59.154929577464785,3.8103092486759804,-6.148542621573039,0.17857359197349504,,0.02062653517050589,1
36,0.31,10,0.9,0.9,17,150000,165113.04684676198,15113.04684676198,10.075364564507987,1.6246998889367426,-0.03493616415240234,-0.04193609641423511,-14.744851372812533,0.11018760704041171,5.972969696740915,1401,972,429,69.37901498929337,112.18928283402403,-214.71710039147302,199.9114158894044,-975.6760399463399,1.1838419105965903,20.482512491077802,43,71,60.56338028169014,2.895014875947055,-4.236990263470819,0.15220217938394798,,-0.03493616415240234,1
24,0.31,20,0.8,0.1,7,150000,164086.8327757771,14086.83277577709,9.39122185051806,1.5183831731310882,-0.05402488266997574,-0.045791480086011235,-13.496238729510642,0.11250417272265774,5.884256965480067,1285,755,530,58.754863813229576,222.13596331473263,-286.70815005070983,309.3224715233156,-933.5883373908778,1.1036971448239425,13.09727626459144,37,71,52.112676056338024,3.3913546894190683,-3.6696508432816133,0.14589396815468703,,0.23344333648647936,5
24,0.31,5,0.9,0.7000000000000001,9,150000,166368.97723601628,16368.977236016275,10.912651490677517,1.7540697377899983,-0.06339066659058087,-0.07318016253651709,-6.845160692603272,0.2562496070669907,3.261011529518905,1401,999,402,71.30620985010707,76.4632189417686,-144.7673594200076,118.21187752557269,-504.74194042931225,1.3125666313314162,15.533190578158457,46,71,64.7887323943662,1.652378988104286,-2.644259579113961,0.1500706410002367,,-0.06339066659058087,1
36,0.32999999999999996,20,0.30000000000000004,0.9,15,150000,160262.671996593,10262.67199659301,6.841781331062006,1.1172596339255492,-0.06452613664390706,-0.07252934613349359,-19.019193124584593,0.05874379773142725,8.352173076523187,1399,1172,227,83.77412437455325,113.54977199213926,-533.0350695076064,258.30473408147253,-1919.2393738902185,1.0998469071044663,10.694067190850607,42,71,59.154929577464785,4.558749317767297,-9.023265396430757,0.12371546581106423,,-0.06452613664390706,1
30,0.16999999999999998,20,0.6000000000000001,0.30000000000000004,5,150000,162378.9546496629,12378.95464966289,8.252636433108593,1.3402124616092248,-0.08988955628333048,-0.07444052333681975,-18.81415116633692,0.07123427731393962,5.64741381950684,1101,974,127,88.46503178928246,80.76579826783103,-510.6742745136267,142.98230387590746,-1691.8209808069116,1.212938399333182,16.723887375113534,46,71,64.7887323943662,3.133552989971422,-5.2397910265258645,0.12673398285216741,,-0.08988955628333048,1
24,0.32999999999999996,20,0.6000000000000001,0.7000000000000001,19,150000,163202.9758190581,13202.975819058105,8.80198387937207,1.4263703818528706,-0.14381430399968387,-0.14944430030055864,-10.115877544627132,0.1410031285531389,3.6006829206987154,1299,839,460,64.58814472671286,123.94202074338824,-193.68625996668396,289.0897768335662,-1054.039457372702,1.1671425134018467,6.969976905311778,41,71,57.74647887323944,2.3514931771125847,-3.148423460742855,0.12529910694503954,,-0.14381430399968387,1
27,0.31,20,0.9,0.1,5,150000,156194.50699671215,6194.506996712153,4.129671331141435,0.6817019962893411,-0.15276285721088664,-0.12946845265337786,-17.695992235741592,0.03852295973053544,7.018076415876232,1350,760,590,56.2962962962963,235.7265183638468,-290.1739778980386,316.6074014956789,-1149.8148108206674,1.0464333182800931,16.52148148148148,38,71,53.52112676056338,3.8121829605787028,-5.051151881735305,0.08376802102231048,,0.11037776523788456,3
21,0.29000000000000004,15,0.2,0.30000000000000004,11,150000,162841.57837055836,12841.57837055836,8.561052247038907,1.3886280941106222,-0.15349990369072786,-0.15484419336746003,-7.366362909515392,0.18850932423067046,3.613013282907821,1387,1155,232,83.2732516222062,73.39448879762467,-302.26705254625364,167.27193443670092,-1329.6186572484055,1.2088339206483631,5.457101658255227,45,71,63.38028169014085,1.4118314298888768,-3.1237549328908987,0.12200270253742658,,-0.15349990369072786,1
27,0.21,10,0.9,0.9,7,150000,156332.76851252574,6332.768512525741,4.2218456750171605,0.6966590504398518,-0.15991324607792876,-0.1558383352242414,-14.0622686837875,0.04954101405010384,6.738597522047493,1401,1096,305,78.22983583154888,85.67982114994139,-281.1508703863685,124.51172385525315,-1045.031494532751,1.0950900519137436,22.019271948608136,42,71,59.154929577464785,2.9217462747094247,-5.761896593173099,0.07643508709647451,,-0.15991324607792876,1
33,0.35,20,0.9,0.1,11,150000,149413.1937056544,-586.806294345588,-0.39120419623039193,-0.06578567561424942,-0.2114101961556054,-0.1914151771925191,-20.61183040308581,0.0031916464635960034,8.177999763485518,1394,734,660,52.65423242467718,249.28981786977786,-275.3838372890828,368.9639143569053,-732.2393365137177,1.0067420700793772,17.48134863701578,37,71,52.112676056338024,4.371161758050457,-6.91004073205429,0.034676787229112244,,-0.2114101961556054,1
27,0.35,15,0.8,0.1,5,150000,152597.4095002576,2597.409500257607,1.7316063335050713,0.2886434844352248,-0.23009729201904794,-0.20966134274720866,-14.530222211097794,0.019865042684258927,6.511816889646744,1401,702,699,50.107066381156315,231.4954162857317,-226.16748602626416,314.9038588819008,-757.9860939549857,1.0279504049397254,13.624553890078515,37,71,52.112676056338024,3.4822410369846013,-6.524654868251368,0.04878684110453381,,0.41467903247168864,13
33,0.31,5,0.6000000000000001,0.6,5,150000,158098.68677531605,8098.686775316048,5.3991245168773645,0.8867334591239562,-0.24718455133172512,-0.2851563455368081,-12.182602902270272,0.07278686387772766,4.165917195912641,1401,1130,271,80.65667380442541,67.91301774056062,-246.57462461826563,115.14675649068779,-527.9218233869659,1.1484545188242257,17.2441113490364,42,71,59.154929577464785,2.2125670170388467,-3.206424232276317,0.08135953276844603,,-0.24718455133172512,1
21,0.35,10,0.8,0.1,9,150000,158482.80661245782,8482.806612457818,5.655204408305212,0.9278440578098124,-0.27210120649910474,-0.273058610412431,-8.786628913435374,0.10559727364735678,3.701451146687778,1401,724,677,51.67737330478231,152.84851584872084,-148.23961427185927,234.49428564124125,-432.0011271337705,1.1026732711008858,9.657387580299785,37,71,52.112676056338024,2.291750986415053,-3.1276033816186377,0.08207397331473183,,-0.27210120649910474,1
27,0.21,15,0.7,0.8,15,150000,154218.2644728787,4218.264472878713,2.8121763152524752,0.4666998497070862,-0.2783981174533334,-0.2684287106409247,-11.602108179043661,0.040225435111014056,5.051055656270501,1390,1000,390,71.94244604316546,85.47549084938912,-203.71852917062225,158.09755233523325,-1543.0774544445148,1.0758369704862838,13.614388489208633,42,71,59.154929577464785,1.975346234169284,-3.726196531017001,0.04919038406978588,,-0.2783981174533334,1
39,0.29000000000000004,10,0.4,0.4,17,150000,153041.63110631375,3041.6311063137546,2.0277540708758366,0.3375986737701675,-0.322567238328413,-0.36712608608949354,-12.007222864790904,0.028116299461727907,4.797668060325717,1401,1115,286,79.58600999286224,71.0533033722714,-260.0052522860178,120.56358689824954,-979.5501026628805,1.065395815918613,12.419700214132762,41,71,57.74647887323944,2.4468691230423945,-3.8529652008787663,0.03674341333616413,,-0.322567238328413,1
45,0.25,10,0.8,0.4,19,150000,145453.09606559388,-4546.903934406117,-3.031269289604078,-0.5154537009783189,-0.3750334187539193,-0.41114789527808854,-18.08448494754756,0.028502536979811508,6.198550496335739,1384,1001,383,72.32658959537572,80.30845786068332,-217.06650196601183,136.96933573782883,-1009.1491043552911,0.9669494756503696,24.535404624277458,41,71,57.74647887323944,2.7263478969724586,-4.82071783902761,-0.025751504997602457,,-0.3750334187539193,1
36,0.19,10,0.7,0.4,11,150000,147111.44124439816,-2888.5587556018436,-1.9257058370678957,-0.3259242383167549,-0.4312918313247437,-0.42061257878479813,-12.875301509778964,0.025313911139806012,5.0932127934913325,1299,1018,281,78.3679753656659,58.20062174084277,-215.11776401355732,103.32252131050801,-961.3989023520779,0.9801505933085786,19.86220169361047,43,71,60.56338028169014,2.0547960589567538,-4.38463647104107,-0.017714849534312505,,-0.4312918313247437,1
42,0.29000000000000004,5,0.5,0.9,11,150000,151466.61101310342,1466.611013103422,0.9777406754022814,0.16348720152774554,-0.43756017783226564,-0.5237310502708208,-11.566034138174928,0.01413511317489014,4.013150050789828,1401,1138,263,81.22769450392576,47.903691235669754,-194.77752704608895,81.94382629871099,-546.3245172690306,1.0641838048615497,19.13990007137759,41,71,57.74647887323944,1.9649825955667666,-3.1305523858420448,0.01924139394876848,,-0.43756017783226564,1
45,0.27,20,0.4,0.9,25,150000,133870.67041571406,-16129.329584285937,-10.752886389523958,-1.8917900299187274,-0.491216077004728,-0.5235793452465678,-18.71805671319758,0.10106765135426045,7.402840281380514,1383,1062,321,76.78958785249458,87.46757311167308,-334.0248979093764,202.19478040074608,-1919.6449952353184,0.8663387119900119,13.083875632682574,40,71,56.33802816901409,2.577549952476099,-6.349879298468631,-0.13598119934231528,,-0.491216077004728,1
30,0.19,20,0.4,0.30000000000000004,15,150000,145218.6165141849,-4781.383485815109,-3.1875889905434067,-0.5423968870929663,-0.5486119086919421,-0.5000884230944628,-12.292524292035544,0.044124125704953124,4.4561498420207,1188,957,231,80.55555555555556,66.70247554295828,-290.351742772528,158.04502398599442,-1783.2979493632033,0.9517381387508751,9.935185185185185,42,71,59.154929577464785,1.7858574166693897,-3.862256451766022,-0.03482843744191277,,-0.5612673404447678,3
30,0.21,15,0.30000000000000004,0.30000000000000004,13,150000,145258.81004723287,-4741.189952767134,-3.1607933018447563,-0.5377758259049181,-0.565638368807778,-0.5195424921116595,-11.237799720438476,0.047854192037864084,4.3239613540671,1387,1181,206,85.14780100937274,54.58447813275301,-327.19591566786886,132.6772959561669,-645.746271295818,0.9564096863578093,8.356164383561644,41,71,57.74647887323944,1.746169313194157,-4.48358292019334,-0.03633498642992318,,-0.55712513874986,2
36,0.27,20,0.5,0.5,25,150000,141068.2756989333,-8931.724301066686,-5.9544828673777905,-1.0253932768659935,-0.5676983680813363,-0.5917503158280031,-15.666086157341555,0.06545305997729792,5.109314575800427,1397,945,452,67.64495347172512,98.12032467979598,-220.88347593696068,191.00565380005173,-1831.6568110283556,0.92872924707101,10.841088045812455,43,71,60.56338028169014,2.15982482963748,-3.592281525573282,-0.07270596671275234,,-0.5676983680813363,1
27,0.16999999999999998,15,0.5,0.2,15,150000,151474.7460000439,1474.7460000439023,0.9831640000292682,0.1643903507910105,-0.5695517438345833,-0.5055213307350502,-8.535955020490938,0.019258577440530576,3.1363911794851735,1283,1001,282,78.02026500389712,55.84558031444478,-187.08787196718254,120.17625373175206,-549.3992084279638,1.059566313062648,10.287607170693686,41,71,57.74647887323944,1.4266852924701867,-2.466773652513221,0.017988382019543003,,-0.5590818262632626,2
42,0.15,15,0.4,0.5,13,150000,141322.43245639082,-8677.567543609184,-5.78504502907279,-0.9954781651240641,-0.6092181131254661,-0.5209152693438626,-13.485718366742343,0.0738172144821778,4.7411835593029865,982,849,133,86.45621181262729,35.863857811783866,-284.58182575816727,98.60820773670255,-1528.7899360155916,0.8044626625039762,17.013238289205702,39,71,54.929577464788736,1.56110261291027,-5.401473389184252,-0.07748572742423449,,-0.6092181131254661,1
27,0.25,20,0.30000000000000004,0.4,21,150000,148558.1969439809,-1441.8030560190964,-0.9612020373460644,-0.16202353205440057,-0.6282851264640479,-0.6244250541042997,-9.532537689943045,0.01699689393573944,3.3520056250628274,1303,967,336,74.21335379892555,77.27676945714585,-221.6504140509212,211.56221559924865,-1425.6474554305166,1.0033850084461826,5.892555640828856,42,71,59.154929577464785,1.7534996678321146,-2.9068835566254836,-0.0077472672885426745,,-0.6282851264640479,1
33,0.19,20,0.8,0.9,23,150000,147029.50967553363,-2970.490324466373,-1.980326882977582,-0.33524620491098833,-0.6719145784104791,-0.6242605286885314,-9.332079111368973,0.03592406374937056,3.390950297040386,1173,800,373,68.20119352088662,67.00958131835482,-147.59585892540895,159.3275402942932,-718.5692586462382,0.9737419646751636,12.636828644501279,41,71,57.74647887323944,1.5845115940286592,-3.0004481263505522,-0.0227643793295984,,-0.6719145784104791,1
36,0.31,20,0.5,0.1,7,150000,123345.61978584695,-26654.380214153047,-17.769586809435364,-3.231286927684396,-0.7979399659463429,-0.7241100420653419,-21.183264642688073,0.15253961002652885,6.369373143302967,1399,851,548,60.82916368834882,150.15730700710574,-278.5028256883668,309.3136405144975,-626.6613916418759,0.8372706480789768,10.385275196568978,35,71,49.29577464788733,2.718643131038956,-6.439679322749569,-0.251148883246785,,-0.7979399659463429,1
42,0.15,20,0.6000000000000001,0.6,23,150000,139442.96975114278,-10557.03024885722,-7.038020165904813,-1.2177648682421882,-0.8077690763194676,-0.6482347362010544,-11.560039109219046,0.10534262529190146,3.899322716133248,906,655,251,72.29580573951435,51.06421121651824,-170.62266372787923,114.8201356445477,-2013.8219923925658,0.7809936243268001,19.142384105960264,34,71,47.88732394366197,1.6245024225742366,-3.292786754599075,-0.0979651205103055,,-0.8077690763194676,1
45,0.22999999999999998,5,0.6000000000000001,0.8,19,150000,144850.01383656616,-5149.986163433845,-3.4333241089558966,-0.5848249435250197,-0.8375283657322068,-0.9389010940195375,-8.59052454994568,0.06807790841232363,3.033794434345128,1351,1017,334,75.27757216876387,34.83074683467164,-116.21723261774304,64.15963359476042,-575.7213694400664,0.9125711670507343,19.395262768319764,41,71,57.74647887323944,1.3213303014324662,-2.7236115141747397,-0.04606106392537414,,-0.8375283657322068,1
24,0.31,5,0.2,0.7000000000000001,9,150000,150750.63002902083,750.630029020831,0.5004200193472207,0.08384016563682817,-0.9019330222681229,-1.0098992717468855,-4.789105316641416,0.017506435981997782,2.1000328878684327,1401,1192,209,85.08208422555317,34.223349348611535,-182.8818296390272,89.32149543841585,-504.74194042931225,1.0672887258972275,6.242683797287651,43,71,60.56338028169014,1.0477331337097606,-1.4823333705761055,0.006894528716475933,,-0.9019330222681229,1
30,0.25,5,0.5,0.7000000000000001,17,150000,151350.80383901924,1350.8038390192378,0.9005358926794919,0.1506258670117333,-0.9306250549898325,-1.0640202296300525,-5.449052321590792,0.027642580419884773,1.9664767462496198,1401,989,412,70.59243397573162,38.50185043164972,-84.72385009202765,66.35926561624538,-536.547115987929,1.090875015172526,9.794432548179872,42,71,59.154929577464785,0.8187208314039296,-1.3600769414797265,0.013628745381427275,,-0.9306250549898325,1
21,0.19,10,0.5,0.1,5,150000,145162.44735912606,-4837.552640873939,-3.2250350939159595,-0.5488564529977702,-1.046677065881855,-0.8714352773753996,-5.798451747111672,0.09465569033512555,2.409171721852688,1400,1019,381,72.78571428571429,55.085667989324946,-155.24894572710963,108.30290926541402,-367.0497775232872,0.9489846089802594,7.402142857142858,38,71,53.52112676056338,1.0283632527395392,-2.643108633615132,-0.043177637031799006,,-1.046677065881855,1
21,0.15,5,0.6000000000000001,0.8,9,150000,150568.8443598747,568.8443598746962,0.3792295732497975,0.06356789889496728,-1.071985224395028,-1.0269009297159883,-3.769283436059628,0.01686471712019103,1.7914030282675797,1362,1112,250,81.64464023494861,25.116435876927373,-102.36012934120066,48.23127643569428,-423.55199227493216,1.0914201408263142,9.724669603524228,41,71,57.74647887323944,0.7589693946023823,-1.3525330907367517,0.006075457778607261,,-1.071985224395028,1
36,0.25,10,0.2,0.2,9,150000,143196.33063532866,-6803.669364671339,-4.53577957644756,-0.776285233096885,-1.083989171926957,-1.0847124609966765,-7.871645218849623,0.0986179142370358,2.53476898349182,1401,1189,212,84.86795146324054,36.498904071878734,-228.2055014441877,103.50178705394758,-349.8815964848345,0.8970150056084982,6.198429693076374,42,71,59.154929577464785,1.0732574244849191,-1.8335827745284972,-0.0647796423124201,,-1.083989171926957,1
42,0.16999999999999998,15,0.2,0.9,23,150000,138961.1206504551,-11038.879349544906,-7.359252899696604,-1.2751551529458283,-1.0861099295238512,-0.9814479148052523,-9.813951172027318,0.12993290170226238,2.982779737642926,1086,929,157,85.54327808471454,23.946474378249153,-203.01499392970368,88.39682555669162,-1533.7430546909018,0.6979583844428456,8.468692449355434,37,71,52.112676056338024,1.08563674208082,-2.6264257985371464,-0.10399251439607989,,-1.0861099295238512,1
33,0.16999999999999998,10,0.9,0.4,23,150000,145934.63157781365,-4065.3684221863514,-2.710245614790901,-0.4602353508731505,-1.1518215991183238,-1.092874123100199,-5.499277093342257,0.08369015473512656,2.117649534754701,1261,870,391,68.9928628072958,37.31268762676011,-89.22789426469835,89.64613745965609,-422.1819005896601,0.9304614479073651,12.053925455987311,39,71,54.929577464788736,0.9728321207910229,-1.627437200442261,-0.0363889399553266,,-1.1518215991183238,1
39,0.19,15,0.6000000000000001,0.1,25,150000,137213.05398671638,-12786.946013283625,-8.524630675522417,-1.4847572375820572,-1.2054021008959872,-1.080311756539291,-10.52300979731258,0.14109625156495076,2.8668024405657326,1231,831,400,67.50609260763608,55.49383479705104,-143.25505682415496,127.13774821856869,-401.51086221544796,0.8047774671744375,12.577579203899269,36,71,50.70422535211267,1.5130947042972576,-2.7273303513436042,-0.12062561765962221,,-1.2054021008959872,1
36,0.16999999999999998,5,0.9,0.9,21,150000,142749.45399334363,-7250.546006656368,-4.833697337770912,-0.8283394230826469,-1.5543324258298608,-1.5328151733779734,-5.995299327083895,0.13816481511450238,1.811653098468542,1249,843,406,67.49399519615693,26.62670683470261,-69.14571396142833,51.241901514926305,-571.0389178280409,0.799564921331446,17.038430744595676,37,71,52.112676056338024,0.7547305109257385,-1.590168515027801,-0.06814676582772838,,-1.5543324258298608,1
27,0.27,15,0.2,0.9,25,150000,143341.85543348594,-6658.144566514064,-4.438763044342709,-0.7593630303890708,-1.5773090760734136,-1.5729733444918728,-6.73400693965798,0.11276540656901059,1.7419398897590765,1400,935,465,66.78571428571428,48.327216106262895,-107.5786916686077,133.56795319966835,-691.5167548270778,0.9032837097227454,3.512142857142857,39,71,54.929577464788736,0.636319879288072,-1.7671181546553782,-0.06294073497285275,,-1.5773090760734136,1
33,0.22999999999999998,5,0.7,0.2,23,150000,144754.7109621927,-5245.289037807292,-3.4968593585381944,-0.5958094083878152,-1.7145569198424502,-1.819647145222601,-4.652518827365813,0.12806168668964926,1.5086114084460247,1401,908,493,64.81084939329051,31.9494353479016,-65.78920148830578,62.32566253795377,-181.13193907271008,0.8944323555692322,10.037830121341898,37,71,52.112676056338024,0.670396358696701,-1.421762536793847,-0.049549481362844636,,-1.7145569198424502,1
33,0.15,20,0.30000000000000004,0.4,25,150000,141093.21659164695,-8906.783408353047,-5.937855605568698,-1.022455665595956,-1.7491164330986195,-1.4156308508745117,-7.603640112165509,0.1344692345393977,1.7228733302988228,991,699,292,70.53481331987891,34.766040460756265,-109.31488250152331,97.83473041874277,-889.6872623634841,0.7613253016700224,7.437941473259334,36,71,50.70422535211267,0.5732820015923235,-2.7103348867782318,-0.08520949020663802,,-1.7491164330986195,1
42,0.19,5,0.30000000000000004,0.30000000000000004,15,150000,140971.99163861893,-9028.008361381071,-6.018672240920714,-1.0367379512012387,-1.8177600913889342,-1.807373194428854,-7.156916770375488,0.144858181876949,1.6663006886047886,1229,1037,192,84.37754271765662,16.22014770465326,-126.3052163079956,38.51202828493198,-341.2047112566914,0.693603131787473,11.056143205858422,39,71,54.929577464788736,0.8277870093862827,-1.587849787792539,-0.08723512566935887,,-1.8177600913889342,1
27,0.15,10,0.30000000000000004,0.9,21,150000,143005.7949661376,-6994.20503386241,-4.662803355908274,-0.7984631261747643,-2.0722493390293306,-1.876576566179898,-5.153192880246099,0.1549453212270666,1.347859283046063,1282,973,309,75.89703588143526,23.665019044173345,-91.75944519052753,65.4251631404788,-646.3779820327079,0.8121017383732649,5.172386895475819,38,71,53.52112676056338,0.5590346657289746,-1.3684805735940109,-0.06741275393816325,,-2.0722493390293306,1
36,0.35,5,0.30000000000000004,0.1,11,150000,139195.80185833128,-10804.19814166872,-7.202798761112479,-1.2471829695269387,-2.3535094197284616,-2.4787462214178957,-7.471567867209681,0.16692386279463853,1.379350960556365,1401,785,616,56.03140613847252,45.33041113169931,-72.34946571442418,79.98582133134506,-118.34360440039325,0.7984418169586571,5.790863668807995,28,71,39.436619718309856,0.6462492817038257,-1.2154412312463059,-0.1074015509008216,,-2.3535094197284616,1
24,0.21,20,0.6000000000000001,0.5,25,150000,145930.2266312596,-4069.773368740396,-2.7131822458269306,-0.4607397846852823,-2.6052313250520016,-2.2248598043270866,-4.93382084865348,0.0933839713314734,0.9433542318927041,760,456,304,60.0,47.965324462084624,-82.08539909035824,137.80485274414283,-574.1315446809322,0.8765016372025894,4.735526315789474,38,71,53.52112676056338,0.6512740509999615,-0.9249346548160897,-0.03664584570493403,,-2.6052313250520016,1
21,0.19,10,0.8,0.8,21,150000,148176.8710319522,-1823.128968047793,-1.215419312031862,-0.205094001167605,-2.7513295042850117,-2.7448287940376583,-2.7656350874165,0.07415801242209154,0.8004266002544946,836,522,314,62.44019138755981,38.05380006797063,-65.60640956543921,88.70750919964935,-292.749159744122,0.9642565912519427,3.5645933014354068,35,71,49.29577464788733,0.5099047629703923,-0.6976108534283654,-0.0171796008117564,,-2.7513295042850117,1
33,0.22999999999999998,5,0.2,0.1,19,150000,138958.36879020339,-11041.631209796615,-7.361087473197743,-1.2754833864839221,-3.496859476279176,-3.2598494939139986,-7.4980303961040935,0.17010912454378038,0.9380158539395331,1401,1019,382,72.73376159885797,18.930737742500888,-74.63547897758396,40.74457840906988,-136.58155957646088,0.6766016239657835,4.5610278372591,31,71,43.66197183098591,0.3345295716683294,-0.6672934413507137,-0.10835959551470246,,-3.496859476279176,1
21,0.29000000000000004,10,0.6000000000000001,0.7000000000000001,23,150000,149398.5181281493,-601.4818718507013,-0.40098791456713423,-0.06743367881502094,-6.69799855164352,-5.549978060656702,-0.7071599873201632,0.09535844791016247,0.3086034315199282,260,161,99,61.92307692307693,44.21822657618054,-74.57188232951358,117.54755587557462,-217.17609384641946,0.9643105019490028,2.0153846153846153,39,71,54.929577464788736,0.14393207344565173,-0.19926395550181608,-0.005224305307147556,,-6.69799855164352,1
21,0.32999999999999996,15,0.7,0.1,25,150000,150000.0,0.0,0.0,0.0,,,0.0,,0.0,0,0,0,0.0,0.0,0.0,0.0,0.0,0.0,,0,71,0.0,0.0,0.0,0.0,True,,0
21,0.21,5,0.4,0.30000000000000004,25,150000,150000.0,0.0,0.0,0.0,,,0.0,,0.0,0,0,0,0.0,0.0,0.0,0.0,0.0,0.0,,0,71,0.0,0.0,0.0,0.0,True,,0
