dte,short_delta,long_delta,profit_target,stop_loss,dte_min,initial_capital,final_value,total_pnl,total_return_pct,annualized_return_pct,sharpe_ratio,sortino_ratio,max_drawdown_pct,calmar_ratio,volatility_pct,total_trades,winning_trades,losing_trades,win_rate_pct,avg_win,avg_loss,largest_win,largest_loss,profit_factor,avg_days_in_trade,positive_months,total_months,positive_months_pct,best_month_pct,worst_month_pct,avg_monthly_return_pct,below_min_trades,stability_score,stability_n
21,0.35,0.15,0.8,0.30000000000000004,5,150000,229890.0009964132,79890.0009964132,53.260000664275466,7.431413056457203,0.7411270426967251,0.775890540366912,-16.765421390026933,0.4432583520315122,7.346286124588961,1401,1027,374,73.30478229835832,220.75658159013375,-387.71579758472393,468.37509408716187,-1305.6036362562008,1.5635040299875396,16.16345467523198,46,71,64.7887323943662,4.670442136205355,-5.353726402908987,0.6279685776205466,,0.6072749589534119,12
21,0.35,0.15,0.8,0.30000000000000004,5,150000,229890.0009964132,79890.0009964132,53.260000664275466,7.431413056457203,0.7411270426967251,0.775890540366912,-16.765421390026933,0.4432583520315122,7.346286124588961,1401,1027,374,73.30478229835832,220.75658159013375,-387.71579758472393,468.37509408716187,-1305.6036362562008,1.5635040299875396,16.16345467523198,46,71,64.7887323943662,4.670442136205355,-5.353726402908987,0.6279685776205466,,0.6072749589534119,12
21,0.35,0.17,0.9,0.30000000000000004,5,150000,224157.6467159762,74157.64671597621,49.43843114398414,6.97693224414897,0.7367714457164347,0.7726873545417301,-14.9435915147848,0.466884566353823,6.757194829752235,1401,1010,391,72.09136331192005,204.83892680711782,-334.80401370650793,434.28570760074547,-1172.7534315975836,1.5803979309179197,17.931477516059957,47,71,66.19718309859155,4.12788275343603,-4.887615575378068,0.5885256878221353,,0.6254449790552487,18
21,0.35,0.17,0.9,0.30000000000000004,5,150000,224157.6467159762,74157.64671597621,49.43843114398414,6.97693224414897,0.7367714457164347,0.7726873545417301,-14.9435915147848,0.466884566353823,6.757194829752235,1401,1010,391,72.09136331192005,204.83892680711782,-334.80401370650793,434.28570760074547,-1172.7534315975836,1.5803979309179197,17.931477516059957,47,71,66.19718309859155,4.12788275343603,-4.887615575378068,0.5885256878221353,,0.6254449790552487,18
21,0.35,0.19,0.9,0.30000000000000004,5,150000,215176.90922585444,65176.90922585444,43.451272817236294,6.24507342960543,0.6991407395692955,0.7548531680726102,-13.3398484822388,0.4681517513426308,6.0751804295820975,1401,998,403,71.23483226266953,184.419260709144,-290.45214134467597,401.9087483076697,-1061.7897201837561,1.5723788344576315,17.743754461099215,46,71,64.7887323943662,3.6882419834865177,-4.50832239429152,0.5264975389862765,,0.5956984283106826,15
21,0.35,0.17,0.9,0.30000000000000004,7,150000,217400.1821606705,67400.18216067049,44.933454773780326,6.428586302581585,0.6962441162636975,0.7514704158957842,-12.459430777086737,0.5159614766995573,6.375546550116275,1401,978,423,69.80728051391864,195.0017509126568,-287.21094617479787,434.28570760074547,-1106.2044863892752,1.56976994799077,16.705924339757317,45,71,63.38028169014085,4.079397220122183,-4.604350837176552,0.5425778841378756,,0.5992173378234634,21
21,0.35,0.19,0.8,0.30000000000000004,5,150000,210711.56310783626,60711.563107836264,40.47437540522418,5.871677547908716,0.6549959560543624,0.7192367157474618,-13.337643050191009,0.4402335199564834,5.933549189088691,1401,1012,389,72.23411848679515,174.8295231913943,-294.0735587709201,401.9087483076697,-1061.7897201837561,1.546641670647012,14.89007851534618,46,71,64.7887323943662,3.597059517612178,-4.6068742301594305,0.49468957264010815,,0.5715519438501556,18
21,0.35,0.19,0.9,0.30000000000000004,7,150000,209116.95476656788,59116.954766567884,39.41130317771192,5.736738727069413,0.6547238845554241,0.7250713831899774,-10.985063724418927,0.5222308100331814,5.722230210558313,1401,968,433,69.09350463954318,174.91010898445427,-250.2880617330637,388.6208702353835,-901.8091683913801,1.5622920984977555,16.417558886509635,45,71,63.38028169014085,3.6285020455221417,-4.1487664497452,0.4837803214262058,,0.5700572719976941,18
21,0.35,0.19,0.9,0.30000000000000004,7,150000,209116.95476656788,59116.954766567884,39.41130317771192,5.736738727069413,0.6547238845554241,0.7250713831899774,-10.985063724418927,0.5222308100331814,5.722230210558313,1401,968,433,69.09350463954318,174.91010898445427,-250.2880617330637,388.6208702353835,-901.8091683913801,1.5622920984977555,16.417558886509635,45,71,63.38028169014085,3.6285020455221417,-4.1487664497452,0.4837803214262058,,0.5700572719976941,18
24,0.35,0.17,0.9,0.30000000000000004,9,150000,211968.24823590793,61968.24823590793,41.31216549060529,5.97742324091779,0.6499681129203234,0.7170331668164149,-11.450771725090881,0.5220105146118742,6.15386315149723,1401,993,408,70.8779443254818,177.25498558191646,-275.0604226641359,418.25629824164383,-1106.2044863892752,1.5684094077815907,15.948608137044967,45,71,63.38028169014085,3.9234990448739016,-4.323348876973487,0.5031494910060015,,0.49658334679376126,9
21,0.35,0.21,0.9,0.30000000000000004,5,150000,205247.38238862396,55247.382388623955,36.831588259082636,5.405692806385209,0.6371306067386069,0.6952374857055952,-11.640851957573286,0.4643726100191819,5.355738640472351,1401,980,421,69.95003568879372,163.57874460404037,-245.2220601505183,360.80884865605486,-924.687473126013,1.5527849532494433,17.544610992148467,47,71,66.19718309859155,3.3906643268246883,-3.9034429284169447,0.45601670761016044,,0.5244461209118414,16
24,0.35,0.23,0.9,0.30000000000000004,5,150000,201112.6333117446,51112.633311744605,34.0750888744964,5.0461708808212435,0.6132195554486453,0.6873555169354887,-11.193000260558607,0.4508327314708206,4.97467772446735,1401,982,419,70.09279086366881,145.53814868563381,-214.76021168873515,319.7506112412958,-818.6747171998655,1.5882559377469514,18.2762312633833,47,71,66.19718309859155,3.2097166774633923,-3.5132600936524483,0.4256229148182903,,0.4660031211225721,11
21,0.32999999999999996,0.19,0.9,0.30000000000000004,5,150000,204857.69405853807,54857.694058538065,36.57179603902538,5.37206744071157,0.6020656065124335,0.644185484650823,-12.620377314653858,0.4256661513973848,5.64072576998784,1401,1011,390,72.1627408993576,158.47379392666093,-265.48208102909786,349.6159115703268,-1864.815762244112,1.5474220837535189,17.82441113490364,45,71,63.38028169014085,3.380624118043296,-4.167589497585189,0.4542142312143128,,0.5629441136361149,18
21,0.31,0.17,0.9,0.30000000000000004,5,150000,206022.0971092641,56022.09710926411,37.348064739509404,5.47238378745416,0.6013818171595136,0.6245274515907288,-13.275468984927718,0.41221773736711087,5.823033733957352,1401,1034,367,73.80442541042113,154.33572342900013,-277.2200024968805,321.8649983869749,-1720.7727863033308,1.568542799384428,18.03283369022127,47,71,66.19718309859155,3.5309383110660564,-4.1499485742835684,0.4632617095775457,,0.45784064308504846,9
21,0.35,0.15,0.8,0.4,5,150000,221473.5778844145,71473.5778844145,47.649051922942995,6.760797702090282,0.5985818897060955,0.6252850580327866,-19.384263713135702,0.34877763747657037,8.153602248062555,1401,1055,346,75.30335474660956,218.20527711510383,-453.5019926937942,468.37509408716187,-3753.119417034305,1.4671090989523514,16.822269807280513,47,71,66.19718309859155,4.88893884128796,-5.907381386303523,0.5813059965076612,,0.5969776126653316,12
27,0.35,0.21,0.8,0.30000000000000004,5,150000,209995.51987691788,59995.51987691788,39.99701325127859,5.811190082610529,0.5938389401090545,0.6796628025746463,-14.436800572648197,0.4025261728433338,6.508565705877642,1401,1011,390,72.1627408993576,174.4032868427107,-293.6023156951166,360.80884865605486,-1448.8674114862563,1.5398617717837833,17.916488222698074,45,71,63.38028169014085,4.583978171265324,-4.664949656926387,0.49550767559745357,,0.4519042981512479,11
27,0.35,0.21,0.8,0.30000000000000004,5,150000,209995.51987691788,59995.51987691788,39.99701325127859,5.811190082610529,0.5938389401090545,0.6796628025746463,-14.436800572648197,0.4025261728433338,6.508565705877642,1401,1011,390,72.1627408993576,174.4032868427107,-293.6023156951166,360.80884865605486,-1448.8674114862563,1.5398617717837833,17.916488222698074,45,71,63.38028169014085,4.583978171265324,-4.664949656926387,0.49550767559745357,,0.4519042981512479,11
24,0.35,0.15,0.8,0.4,5,150000,223061.4886822816,73061.4886822816,48.70765912152107,6.888925704437487,0.58711548541747,0.6199304812046293,-20.531663241134805,0.33552691876592117,8.577819686439076,1401,1061,340,75.73162027123483,225.5377095940351,-483.5668270500666,459.16180017760445,-3753.119417034305,1.4554561723512465,17.78515346181299,47,71,66.19718309859155,5.274193480394307,-6.187180355611144,0.5962133729834436,,0.5969776126653316,12
21,0.35,0.23,0.9,0.30000000000000004,5,150000,197183.43198398678,47183.43198398678,31.455621322657855,4.698776080933809,0.5794545618672128,0.6407951960149036,-10.352808164258368,0.453864884423888,4.666791502816968,1401,974,427,69.52177016416844,140.18084100593185,-204.99158584501888,319.7506112412958,-818.6747171998655,1.5598531267378866,17.143468950749465,47,71,66.19718309859155,2.9935416758739786,-3.580280551487691,0.3960393986195877,,0.4359160610782789,7
24,0.35,0.19,0.8,0.30000000000000004,7,150000,205555.71947076218,55555.71947076218,37.037146313841454,5.4322609227311025,0.5672899606617823,0.6308063853990513,-12.718779174479014,0.4271055301935941,6.139043903682576,1401,979,422,69.87865810135617,174.51536586956462,-268.8946059610772,387.71423568645156,-901.8091683913801,1.5056423524358573,14.897216274089935,43,71,60.56338028169014,4.034948728769394,-4.636249801036962,0.4611559664840938,,0.549015989634238,24
24,0.35,0.21,0.7,0.30000000000000004,5,150000,200942.70209186553,50942.70209186553,33.96180139457702,5.031264005300251,0.5671532030080383,0.6459399234133746,-10.270682517109618,0.4898665689372465,5.391798647939542,1401,1031,370,73.59029264810849,146.46351802650523,-265.51320268511944,350.50221422598173,-924.687473126013,1.5370934839279071,13.107066381156317,44,71,61.97183098591549,3.422034917732919,-3.9542439491140224,0.42429743477970067,,0.5006940261840939,11
21,0.35,0.19,0.9,0.4,5,150000,208455.3408714358,58455.340871435794,38.97022724762386,5.680500251617482,0.5575488421150095,0.6008586989970797,-16.707913366354838,0.33998861060989544,6.737918430877511,1401,1030,371,73.51891506067095,181.6790965133109,-341.92137072050446,401.9087483076697,-1940.8523547900343,1.4751698607467458,18.473947180585295,46,71,64.7887323943662,4.086506896566444,-5.0034827825420125,0.48654599637936335,,0.593748277835283,16
24,0.32999999999999996,0.15,0.8,0.4,5,150000,215713.0091799028,65713.00917990279,43.80867278660186,6.289467914931146,0.5529764817854476,0.5771974188778966,-19.478005293087307,0.3229010270966125,8.002969212133397,1401,1070,331,76.37401855817274,199.80076903222525,-441.85049451544074,406.86896344026144,-2519.617912990439,1.4617651175931636,17.58458244111349,46,71,64.7887323943662,4.908097540273326,-5.883270377735849,0.5426813844003062,,0.5771903301788277,15
21,0.32999999999999996,0.19,0.8,0.30000000000000004,5,150000,199529.70329531934,49529.70329531934,33.01980219687956,4.906903580237643,0.5323294862730833,0.5772602050723196,-12.724811526320003,0.3856169948048505,5.536847939523647,1401,1024,377,73.09064953604569,149.07637621074298,-268.7087690835909,349.6159115703268,-1864.815762244112,1.506904029507351,14.685224839400428,45,71,63.38028169014085,3.2842459531611246,-4.303278968098001,0.41525423243851467,,0.5372024533539471,22
24,0.32999999999999996,0.15,0.9,0.2,5,150000,205890.76168751242,55890.76168751242,37.26050779167495,5.461092540751311,0.5275691659539361,0.5300269485998035,-12.897787354432833,0.42341313208845793,6.725365724291864,1401,930,471,66.38115631691649,212.01714888598573,-296.1016704384017,406.86896344026144,-2519.617912990439,1.4138136618834678,17.55317630264097,44,71,61.97183098591549,4.692539395428819,-4.537261001840919,0.46822682657018067,,0.5637647306744987,11
24,0.35,0.13,0.9,0.30000000000000004,5,150000,219839.75465366058,69839.75465366058,46.55983643577372,6.628164655018698,0.5258594147861863,0.516409906727654,-24.133894994760524,0.2746413148999643,9.22344829648086,1400,1028,372,73.42857142857143,252.2489441757957,-504.44129021260784,486.25184975922645,-3934.0013870854796,1.381875458663787,19.312142857142856,45,71,63.38028169014085,5.742649690713564,-10.193555209764426,0.5895567695750143,,0.5764887594041495,9
21,0.32999999999999996,0.21,0.9,0.30000000000000004,5,150000,195007.67719765057,45007.67719765057,30.005118131767045,4.503924618990096,0.5171646862284214,0.5588597287413415,-11.11677477617137,0.40514670034011907,4.888973500561946,1401,992,409,70.80656673804425,137.89857699030736,-219.96677549331739,308.51601191871185,-1386.112898379941,1.5205162302807445,17.498215560314062,46,71,64.7887323943662,2.9887374049171855,-3.5872014929059226,0.3811168217151864,,0.5064678854838679,17
27,0.31,0.17,0.8,0.30000000000000004,5,150000,206860.870617194,56860.870617194014,37.907247078129345,5.544354378973537,0.5154220985449058,0.5576185447627882,-15.984687128244879,0.3468541069644513,7.084802631648528,1401,1054,347,75.23197715917203,164.1163295404382,-329.38455538461074,315.1829329490421,-1579.9229567393052,1.5134208051299731,18.651677373304782,47,71,66.19718309859155,5.435900578189945,-6.05496484201865,0.4774258447066527,,0.47841330460410275,5
27,0.35,0.23,0.8,0.30000000000000004,5,150000,199051.6524553806,49051.652455380594,32.70110163692039,4.864663592911622,0.5150059501393345,0.5969676269439607,-13.509004401506166,0.3601052637431404,5.657826231521214,1401,1001,400,71.44896502498216,148.98197952402035,-245.64502262049172,324.87460819688465,-1172.4857982456858,1.5177486593524798,17.396859386152748,45,71,63.38028169014085,3.7996540666644263,-3.8753191765265593,0.4146462506811115,,0.44760454539993266,9
21,0.35,0.15,0.6000000000000001,0.30000000000000004,7,150000,203717.60513935128,53717.605139351275,35.811736759567516,5.273385053012181,0.5146808265543684,0.564044599537195,-14.46914755379771,0.364457203398142,6.520356351840021,1401,1053,348,75.16059957173448,172.37867688273366,-361.99954487988333,459.16180017760445,-1235.0989341466457,1.4408694907365125,10.594575303354747,44,71,61.97183098591549,4.229305593268107,-5.670289858830213,0.4509712914518535,,0.43259204495039877,4
27,0.35,0.17,0.6000000000000001,0.30000000000000004,5,150000,208506.4739947155,58506.47399471549,39.00431599647699,5.684851958999393,0.5005056227891453,0.5604026308371939,-14.584821671021828,0.38977864023490016,7.644196201955555,1401,1084,317,77.37330478229836,176.07513665865366,-411.7907701681317,414.41836392480195,-2515.454140621968,1.4621483751001876,13.381156316916488,43,71,60.56338028169014,5.505493043552989,-5.863896762739207,0.48927860063562817,,0.49867625903602447,2
21,0.35,0.11,0.9,0.2,5,150000,210628.75009089147,60628.750090891466,40.41916672726098,5.864690706161402,0.4970488271646666,0.47332423873855056,-19.50811291438537,0.30062829407947256,8.116967060095204,1394,952,442,68.29268292682927,260.5140526206337,-419.8380724072037,514.5015271566131,-4337.532324176575,1.3364847714801933,16.995695839311335,43,71,60.56338028169014,5.491474422047515,-7.607497163485732,0.5167813283151875,,0.5114541209754264,2
27,0.35,0.19,0.6000000000000001,0.30000000000000004,5,150000,203686.39674527862,53686.39674527862,35.790931163519076,5.270677300433602,0.4968468952829036,0.5646658921014345,-13.30687880942754,0.39608666885126204,6.784314693215592,1401,1076,325,76.802284082798,158.7928187114317,-354.9334651946285,392.5295734273611,-1924.3245453235775,1.4811969842534893,13.299785867237688,42,71,59.154929577464785,4.677639369219255,-5.2004867261356775,0.4501956703581975,,0.5215019070266957,3
21,0.35,0.17,0.7,0.4,5,150000,204706.2975689357,54706.2975689357,36.470865045957126,5.3589894070347865,0.48754616894693314,0.5283461864180259,-16.820749408945566,0.3185939744268934,7.13673090637955,1401,1072,329,76.51677373304783,177.61744882190055,-406.9249470157263,424.84644983487897,-2535.8694539884013,1.4222311933553409,13.425410421127767,44,71,61.97183098591549,4.046452564900305,-5.6222891384523965,0.4603997841243,,0.5503298696761165,13
30,0.35,0.23,0.9,0.30000000000000004,7,150000,197288.12040500462,47288.12040500462,31.525413603336418,4.708106341446916,0.4645792674538754,0.5303596558140303,-13.879659571891281,0.33920906467919776,5.9921692465373315,1401,949,452,67.73733047822984,159.76493177342164,-226.78650408850712,324.87460819688465,-1172.4857982456858,1.4790812426192208,21.546752319771592,43,71,60.56338028169014,3.7058229839718404,-4.127107741158875,0.40477463772026995,,0.5078402344508429,5
21,0.35,0.13,0.8,0.2,9,150000,196960.96868604998,46960.96868604998,31.307312457366653,4.678935547144025,0.43569953514586063,0.4444890419387453,-11.453701329432931,0.40850860456090465,6.381611337695096,1401,943,458,67.30906495360458,204.40542282914674,-314.34944332285636,500.3841767505565,-3934.0013870854796,1.3388315326897726,13.289793004996431,42,71,59.154929577464785,4.4368327698603105,-4.197344986164364,0.40381416642552415,,0.31559846427628935,2
21,0.35,0.21,0.9,0.5,5,150000,196166.75478194814,46166.75478194814,30.777836521298763,4.607950601587252,0.43216362716245316,0.46942642780167626,-16.759076803877143,0.2749525320226005,6.257961735451009,1401,1019,382,72.73376159885797,161.74501143828968,-305.8379891981721,360.80884865605486,-1462.1494909258633,1.4107507389344327,18.62740899357602,46,71,64.7887323943662,3.6260783155925624,-4.7669674777108595,0.3975280621611704,,0.4250576271366322,4
21,0.35,0.17,0.9,0.6,5,150000,204247.46825123436,54247.46825123436,36.16497883415624,5.319305285738918,0.4288375923053789,0.4466152044144833,-22.167165295067303,0.23996326164999474,8.221377835050346,1401,1046,355,74.66095645967167,201.6239349286946,-436.1404723498946,434.28570760074547,-2535.8694539884013,1.3621314743067439,19.182726623840114,47,71,66.19718309859155,4.418978026483367,-6.518402853012118,0.46942497308578884,,0.4164193014011751,2
27,0.29000000000000004,0.19,0.9,0.30000000000000004,5,150000,192540.34146170237,42540.341461702366,28.360227641134912,4.2807591914649334,0.4187790917422058,0.44498559174171276,-13.376247451581664,0.32002691389794513,5.618409621502534,1401,1039,362,74.16131334760885,124.00981193385056,-233.38274347403598,243.49761881361133,-1452.2495058626707,1.525085827102824,22.435403283369023,45,71,63.38028169014085,4.0054425704479035,-4.456151960684574,0.36690104393344347,,0.43717362509371,3
21,0.32999999999999996,0.11,0.9,0.4,7,150000,205000.20506109297,55000.20506109297,36.66680337406198,5.384370576045705,0.4169934844300918,0.41841491496476135,-21.73787700292863,0.2476953280819602,8.701506678447155,1392,1018,374,73.13218390804597,221.8702272819824,-452.01627356148987,462.3821751392661,-4342.495555787489,1.336045145671402,17.829741379310345,43,71,60.56338028169014,5.068209603800566,-7.24888864099289,0.48326764032236963,,0.47142644960813906,2
21,0.32999999999999996,0.19,0.8,0.4,5,150000,194307.67782159854,44307.67782159854,29.53845188106569,4.440850972486099,0.4169071467446933,0.4494213669731284,-15.8080889580483,0.28092269623932936,6.07619025961128,1401,1057,344,75.44610992148465,146.90247599628205,-317.2876142630923,349.6159115703268,-1864.815762244112,1.4226318952657768,15.33404710920771,45,71,63.38028169014085,3.6191550956907736,-4.671066002426006,0.3812697509996357,,0.5529151761752195,22
21,0.27,0.17,0.9,0.30000000000000004,5,150000,187544.2556830233,37544.25568302331,25.029503788682206,3.8214865864581116,0.40659934480660614,0.41436108523785997,-10.92029254329512,0.34994360923091217,4.568542041169248,1401,1054,347,75.23197715917203,106.91690442600033,-211.31084029398758,219.01066289828887,-847.0486716335407,1.5368650527755907,18.2790863668808,48,71,67.6056338028169,2.7456048094491647,-3.3212562744715735,0.3237017682786506,,0.40659934480660614,1
24,0.35,0.17,0.8,0.5,7,150000,200089.18205477318,50089.18205477318,33.392788036515455,4.956231622565577,0.4040010104969714,0.44027781918929454,-18.438797001208503,0.2687936540676021,7.783567735597884,1401,1025,376,73.16202712348323,192.6545952972911,-387.12893118346426,424.84644983487897,-2535.8694539884013,1.3566248388533662,16.306209850107066,45,71,63.38028169014085,4.726711092207303,-6.101040195513874,0.43512074950462803,,0.4764340835675407,10
30,0.32999999999999996,0.17,0.7,0.30000000000000004,9,150000,197586.3039402056,47586.3039402056,31.72420262680373,4.734659118313345,0.3968566000678755,0.44124632416221365,-16.015525089943868,0.2956293403883606,7.297955371227912,1401,1028,373,73.37615988579586,167.77314087078454,-329.92810958443334,387.5232268846677,-2061.6456890572667,1.401481596550265,15.371877230549607,43,71,60.56338028169014,4.657732246161883,-4.940610454470451,0.4095171524988969,,0.29477072168448626,2
21,0.32999999999999996,0.23,0.9,0.30000000000000004,5,150000,185345.11932002773,35345.119320027734,23.56341288001849,3.6160942044901834,0.3955760393765708,0.43240316554062547,-9.667980820774165,0.37402786285219625,4.148321518244369,1401,983,418,70.16416845110636,114.54422418992188,-180.45586856147722,251.66908525730418,-1016.5687516032697,1.492723675127691,17.150606709493218,46,71,64.7887323943662,2.590756222806867,-3.241958851996074,0.3064148645181513,,0.4359160610782789,7
21,0.35,0.19,0.9,0.2,9,150000,186727.87718949554,36727.87718949554,24.485251459663697,3.7454744729886524,0.3885852276235005,0.4291308808881195,-8.194831020995448,0.457053289249359,4.594700766262049,1401,905,496,64.59671663097787,152.6535513120304,-200.811061991783,388.6208702353835,-901.8091683913801,1.3870310456528399,12.996431120628122,44,71,61.97183098591549,2.875436515258434,-2.919110533893421,0.31700816034588253,,0.5212756167862149,8
24,0.31,0.17,0.9,0.4,7,150000,192533.12906957505,42533.12906957505,28.3554193797167,4.280103365820875,0.37731968499401825,0.4013953856728142,-15.348526483501773,0.2788608646192574,6.3505809012349745,1401,1019,382,72.73376159885797,151.0628432720232,-286.85499535248493,321.8649983869749,-1720.7727863033308,1.4047726996003682,18.447537473233403,43,71,60.56338028169014,3.9012859386470478,-4.924309819001548,0.3707086066743694,,0.5021476767195376,8
27,0.35,0.19,0.9,0.4,7,150000,198883.11021690007,48883.110216900066,32.588740144600045,4.849751279086378,0.3752164104025499,0.41064146661941947,-21.122725187225164,0.22959874902976368,8.19865537228328,1401,992,409,70.80656673804425,201.71099644184494,-365.2638099106199,407.7868718242026,-1940.8523547900343,1.3394030828081742,22.16131334760885,43,71,60.56338028169014,5.469307331105999,-7.5384305478941265,0.4334386026168894,,0.5306922291166226,6
21,0.32999999999999996,0.13,0.5,0.30000000000000004,5,150000,193594.8058569924,43594.8058569924,29.0632039046616,4.376422813712577,0.37253137654543683,0.3913129889198646,-14.804105929960421,0.2956222303743187,6.750873636405194,1401,1129,272,80.58529621698787,153.4503436826447,-469.96078000274383,444.3416505977513,-3078.9557790793215,1.355287046323988,9.595289079229122,44,71,61.97183098591549,4.189884884958284,-4.971118712132771,0.3817803440197895,,0.3938569210503644,4
27,0.32999999999999996,0.23,0.9,0.4,5,150000,189576.11833190618,39576.11833190618,26.384078887937456,4.009482559367616,0.37193807444289617,0.4153292966432275,-15.008084683551711,0.26715484646497606,5.6260083287895934,1401,1024,377,73.09064953604569,130.3763620391366,-244.31823977772558,274.13470358874696,-1020.7419992526266,1.4494444450044404,22.216987865810136,43,71,60.56338028169014,3.673895487815204,-4.486552511921649,0.34678903764111635,,0.4922902314610334,7
27,0.35,0.17,0.9,0.9,5,150000,208221.6964735881,58221.69647358809,38.814464315725395,5.660604531134994,0.3692513515453502,0.40843067156552965,-28.532187213568545,0.1983936418461141,11.213504290119927,1401,1055,346,75.30335474660956,229.1722107993302,-525.2418668200507,438.48906393926046,-2535.8694539884013,1.3303900219141196,25.121341898643827,44,71,61.97183098591549,6.961770444614235,-9.840978982033132,0.5198906880063291,,0.3692513515453502,1
21,0.35,0.19,0.9,0.7000000000000001,9,150000,189630.95508450113,39630.955084501125,26.42063672300075,4.014532992499453,0.3643192619560969,0.4165554251950869,-12.109547989284676,0.3315179886195402,5.781451388861141,1401,998,403,71.23483226266953,146.47315645109225,-259.87085621270853,388.6208702353835,-1940.8523547900343,1.3958088846784515,14.900071377587437,47,71,66.19718309859155,3.135471777917598,-4.1845700903384575,0.34471660172084767,,0.3643192619560969,1
24,0.35,0.15,0.4,0.30000000000000004,5,150000,190941.90953064736,40941.90953064736,27.294606353764905,4.134910834707695,0.36284522699111527,0.3904435867008243,-13.42121847973267,0.30808758839235106,6.19199799351835,1401,1147,254,81.87009279086367,136.8743321025179,-449.73090311406634,458.04591452196354,-1235.0989341466457,1.374355178784581,8.367594575303356,43,71,60.56338028169014,4.570231149936865,-4.6835227220803795,0.3539003303004913,,0.2699965737438181,3
21,0.32999999999999996,0.15,0.7,0.4,7,150000,193381.79703825104,43381.79703825104,28.921198025500694,4.3571331330046315,0.3556098077548567,0.3789950005177862,-17.01837418252686,0.25602522816064277,7.0853065451368575,1401,1045,356,74.58957887223411,168.77104134303056,-368.4343852956416,406.86896344026144,-2519.617912990439,1.3446339341494984,12.880085653104926,44,71,61.97183098591549,4.454539203129171,-5.790915185385115,0.38071970226851276,,0.5536406395617326,9
24,0.31,0.21,0.7,0.30000000000000004,5,150000,182963.1803419673,32963.180341967294,21.97545356131153,3.3913281221077396,0.33300136369420746,0.3661268012119047,-9.117347121367299,0.3719643528938222,4.29356433519901,1401,1053,348,75.16059957173448,100.26238693768539,-203.424750297265,240.28594100882918,-942.3391439582226,1.4913630378572713,12.820842255531764,43,71,60.56338028169014,2.5596819963574546,-3.3984367523242076,0.28694086960591925,,0.1969037299475128,5
21,0.35,0.11,0.4,0.30000000000000004,5,150000,191759.1638530482,41759.1638530482,27.839442568698804,4.2096073108244925,0.3253702541105369,0.3344592147713754,-16.977597553675512,0.247950706660092,7.373009536977812,1394,1160,234,83.21377331420373,157.897313977547,-596.5364117988818,514.5015271566131,-4453.153560137055,1.3121392189066425,8.70803443328551,42,71,59.154929577464785,5.209106211158043,-7.628816685321304,0.371300050625416,,0.3489508153279869,2
30,0.31,0.13,0.8,0.30000000000000004,5,150000,197302.68883869486,47302.688838694856,31.53512589246324,4.709404413314622,0.32415541347317756,0.32376035313190454,-29.044145516533643,0.16214642674317103,9.408189420873594,1361,1034,327,75.97354886113152,208.22318554592727,-508.35102451322825,382.72078061133374,-2329.6824872647253,1.2952039770129904,21.348273328434974,42,71,59.154929577464785,6.954047833426413,-11.34665827726431,0.43442622709670176,,0.32415541347317756,1
24,0.35,0.25,0.9,0.30000000000000004,9,150000,180238.72915482512,30238.729154825123,20.159152769883416,3.1312366081466037,0.31819614097408955,0.3711244112399071,-7.015509397846325,0.44633061272897084,3.616948495983483,1401,965,436,68.87937187723054,98.81729198071247,-145.18040735457603,268.60822120557947,-559.2290587067055,1.5064882948078826,14.55317630264097,46,71,64.7887323943662,2.1010374663066544,-2.379039141755579,0.26376577081894886,,0.18190684050657424,3
21,0.32999999999999996,0.21,0.7,0.4,5,150000,183388.00603481816,33388.00603481816,22.25867068987877,3.4315935092048333,0.29775919268758994,0.3292725054009861,-12.598281554723961,0.27238584042583913,5.051770992210593,1401,1060,341,75.66024268379728,117.17212393050643,-260.9769657816744,300.2431127186132,-1386.112898379941,1.395640651913255,12.8401142041399,45,71,63.38028169014085,2.966654851523809,-4.052357991391331,0.29373042188403303,,0.4813480441605367,7
24,0.35,0.23,0.9,0.5,7,150000,184044.25228660242,34044.25228660242,22.69616819106828,3.493640869080994,0.2936108925243727,0.33280785586655254,-13.97553800694758,0.24998256720737477,5.387289383640924,1401,979,422,69.87865810135617,136.47263147457545,-231.61410883184635,319.7506112412958,-1092.605344149192,1.3669442281532993,17.69093504639543,44,71,61.97183098591549,3.225355440623523,-4.497090926768377,0.3029686795059425,,0.286975030678455,5
21,0.31,0.15,0.9,0.2,7,150000,184554.90640900508,34554.90640900508,23.036604272670054,3.5417954166691468,0.29120027970601553,0.29086707560019365,-11.513765578836116,0.3076139940854323,5.640759937117135,1401,910,491,64.95360456816559,170.07359706537125,-241.12172488903298,355.71935250723675,-1427.4248314492104,1.307255433469696,15.653104925053533,40,71,56.33802816901409,3.97444622218881,-4.231014072292094,0.3068401263630115,,0.4733837542731551,3
24,0.35,0.19,0.8,0.2,9,150000,182717.81542173465,32717.815421734645,21.811876947823098,3.36803674418491,0.2870011307544314,0.31019773683300217,-10.513415975789531,0.3203560814050239,5.021914186330274,1401,902,499,64.38258386866525,157.6914890311745,-215.82887311506533,372.23741982194304,-901.8091683913801,1.3207015964673339,12.299072091363312,43,71,60.56338028169014,3.004207445792817,-3.3683118405948287,0.28716221775114437,,0.5212756167862149,8
24,0.35,0.21,0.8,0.2,7,150000,181156.3454099608,31156.345409960806,20.77089693997387,3.2192006178833887,0.27166861695513644,0.2961835876374824,-9.426071201601784,0.34152093157712893,4.720095847963362,1401,849,552,60.599571734475376,157.2207989826679,-182.07031327238607,350.50221422598173,-769.039720172026,1.3281265911839912,12.741613133476088,43,71,60.56338028169014,3.4834376856361704,-3.0945750196248123,0.2751763302157655,,0.4925355025761309,21
21,0.29000000000000004,0.13,0.9,0.6,5,150000,189229.2146373324,39229.21463733239,26.152809758221597,3.9775047306988442,0.26972520121885113,0.2615437501869319,-23.31217408726682,0.1706192101950444,8.356256240466841,1398,1070,328,76.5379113018598,168.4386383783719,-424.33758666938337,329.93277811250556,-2506.387624387137,1.2949116970261456,19.290414878397712,47,71,66.19718309859155,5.049846068089514,-9.238543213492068,0.3636512591901184,,0.26972520121885113,1
21,0.31,0.19,0.9,0.2,5,150000,177669.51669093294,27669.516690932942,18.44634446062196,2.882950430308595,0.218816118636295,0.22090045607816525,-9.6572995972693,0.29852552478787947,4.276853173528284,1401,883,518,63.026409707351895,135.54315028715274,-174.1192760862071,283.1033321590945,-712.1807775837763,1.3269717163634132,15.718772305496074,44,71,61.97183098591549,3.0897356625371186,-3.308758108810639,0.24668564459833045,,0.49435154296194933,5
21,0.32999999999999996,0.15,0.9,0.2,11,150000,177630.51870093896,27630.518700938963,18.420345800625977,2.8791587455222034,0.19549739340671812,0.20757913235513292,-12.236300682863584,0.23529650178949443,4.9196039996298335,1401,927,474,66.16702355460386,150.8595056402989,-232.9007236870269,406.86896344026144,-2519.617912990439,1.266785940489407,11.919343326195575,42,71,59.154929577464785,3.0662054873551225,-3.064478610458188,0.24785089520548703,,0.4270550138243007,3
42,0.35,0.23,0.8,0.6,9,150000,184546.49559694802,34546.49559694802,23.030997064632015,3.5410031778696505,0.19495575010833424,0.23729517796460783,-28.567551105580396,0.12395193290397054,10.35636443864484,1401,1038,363,74.08993576017131,168.00772237075276,-380.2320116361595,338.23867533604533,-1203.5135702666585,1.2634885061325727,28.64097073518915,45,71,63.38028169014085,7.12374425320097,-9.350636543125724,0.3415503845032551,,0.19495575010833424,1
30,0.32999999999999996,0.17,0.6000000000000001,0.4,9,150000,181116.8575903258,31116.857590325788,20.74457172688386,3.2154229016425617,0.19268484330109706,0.21484770471503703,-19.830613876175825,0.16214439561578667,7.530792541851144,1401,1063,338,75.87437544610992,150.32464125093858,-375.31637887412313,361.4588800986509,-2061.6456890572667,1.2596480619306232,13.766595289079229,43,71,60.56338028169014,5.018297370348046,-5.523109554151395,0.2901663564381219,,0.29477072168448626,2
21,0.32999999999999996,0.23,0.9,0.4,9,150000,175302.80208907032,25302.80208907032,16.86853472604688,2.6515755529108676,0.19032601961227436,0.2207423810916521,-7.368763612788122,0.35983995311088424,3.5907055954040694,1401,984,417,70.2355460385439,90.76494925703496,-149.1333524697465,245.6226088133586,-1016.5687516032697,1.436158694817735,13.97501784439686,46,71,64.7887323943662,2.010414735204624,-2.9146653123176547,0.22488278111349233,,0.2673776843702455,3
21,0.29000000000000004,0.11,0.5,0.4,5,150000,178608.37901502222,28608.37901502222,19.07225267668148,2.974025486318088,0.16829075449367847,0.16446117523845918,-19.24706664447431,0.15451837629355894,7.006624749662162,1377,1146,231,83.2244008714597,129.80384412876506,-512.3667807643934,346.4894906675519,-4053.8189283429087,1.2568377814321088,10.241830065359476,44,71,61.97183098591549,4.299110863631905,-6.25295473359272,0.2658947712162634,,0.16829075449367847,1
21,0.35,0.25,0.8,0.6,5,150000,174846.70138787964,24846.701387879642,16.56446759191976,2.6066877899418417,0.1468365396502782,0.16612773208894321,-14.085650731596989,0.18505980586999143,4.655280482685579,1401,1034,367,73.80442541042113,108.65964396136776,-233.47703124852157,259.7147629208396,-824.6704747837905,1.3112291326014494,15.346895074946467,47,71,66.19718309859155,2.587223414698969,-4.107296447587139,0.22574495835626388,,0.22022371608732547,2
30,0.35,0.25,0.6000000000000001,0.2,7,150000,172945.937116805,22945.937116805,15.297291411203332,2.4185659216560795,0.1258721396823337,0.14732513490578283,-6.593696725960803,0.3667996910039349,3.6351998995043697,1401,908,493,64.81084939329051,104.37094412906512,-141.99103479192635,222.359857455464,-449.6708360250306,1.353809686336278,12.001427551748751,43,71,60.56338028169014,2.43634006866682,-2.638792478076979,0.20567952442693999,,0.07855403000864951,3
30,0.35,0.25,0.6000000000000001,0.2,7,150000,172945.937116805,22945.937116805,15.297291411203332,2.4185659216560795,0.1258721396823337,0.14732513490578283,-6.593696725960803,0.3667996910039349,3.6351998995043697,1401,908,493,64.81084939329051,104.37094412906512,-141.99103479192635,222.359857455464,-449.6708360250306,1.353809686336278,12.001427551748751,43,71,60.56338028169014,2.43634006866682,-2.638792478076979,0.20567952442693999,,0.07855403000864951,3
24,0.32999999999999996,0.19,0.5,0.5,5,150000,173800.50595110917,23800.505951109168,15.867003967406113,2.5033558285883384,0.11095469263617352,0.12168499635363242,-15.54454794383369,0.16104397745329002,5.784068206779894,1401,1141,260,81.44182726623839,111.15980671495032,-389.2751288872353,326.14531040122023,-1864.815762244112,1.2531510497108826,10.67237687366167,44,71,61.97183098591549,3.3634946416933875,-5.478064886371858,0.22161951591720874,,0.11095469263617352,1
21,0.35,0.23,0.7,0.30000000000000004,11,150000,171982.3687424254,21982.368742425402,14.654912494950267,2.322541942803924,0.10635191528755931,0.12455309947454402,-8.401831879248217,0.27643280372467316,3.3153349734580786,1401,928,473,66.2384011420414,96.29410432133913,-138.59885849431316,256.4682443105649,-648.4935947834449,1.363097370417417,10.193433261955747,44,71,61.97183098591549,1.8747613455304846,-2.405694428133165,0.19606159577807328,,0.10635191528755931,1
24,0.35,0.17,0.8,0.1,5,150000,172121.03284426357,22121.032844263565,14.747355229509044,2.336387984898347,0.08793816817891197,0.08638250841949702,-9.822859137016847,0.2378521316765921,4.91681471750039,1401,711,690,50.74946466809421,206.75230360375986,-178.34573191020556,430.6631875910051,-524.4987663456824,1.1945604906600862,11.256245538900785,37,71,52.112676056338024,3.4273476289745197,-3.0534701261065167,0.20290290655475,,0.19888251691947523,3
21,0.35,0.11,0.7,0.30000000000000004,15,150000,172021.4669952949,22021.466995294904,14.68097799686327,2.326446965116147,0.08419373204196308,0.09021196526714674,-14.511271612553536,0.1603199931220062,5.171621250935351,1394,901,493,64.63414634146342,156.81586944625087,-238.25036790225062,484.3700315295572,-4337.532324176575,1.2029132317648403,8.586800573888091,43,71,60.56338028169014,3.2258278169968513,-4.063508799792093,0.20528360202708423,,0.08419373204196308,1
33,0.35,0.27,0.6000000000000001,0.30000000000000004,13,150000,171205.2493457184,21205.24934571839,14.136832897145593,2.2447717902837283,0.0776628403789132,0.09481111368666119,-9.803558242393967,0.22897520826433823,3.7646708099688926,1401,1007,394,71.87723054960742,83.44221590273978,-154.82173113800332,172.71835834545735,-743.0825906945159,1.3774858878937215,15.378301213418986,43,71,60.56338028169014,2.2405940611131214,-3.0518122901947,0.1923006551436389,,0.0776628403789132,1
27,0.35,0.13,0.30000000000000004,0.30000000000000004,7,150000,171773.8110324505,21773.811032450496,14.515874021633666,2.3016993032729083,0.07461311769490205,0.07954468217968953,-18.944827175841223,0.12149486938619719,7.08910936518424,1383,1181,202,85.3940708604483,125.25786118654071,-615.6327872717159,423.40089549764156,-4203.493113149835,1.1895474724331785,8.013738250180767,43,71,60.56338028169014,6.689477036146174,-7.511336511258548,0.21410648529881104,,0.21872917234300865,2
30,0.32999999999999996,0.25,0.7,0.5,5,150000,169644.64083829697,19644.640838296968,13.096427225531313,2.0877026004539223,0.03789939658682455,0.043057663433788036,-14.462712898036505,0.144350690992238,4.694630061449972,1401,1070,331,76.37401855817274,90.93577867699126,-229.10979560760305,190.89226996840532,-761.1327479741752,1.2830598527569417,16.95788722341185,44,71,61.97183098591549,3.046570511019575,-4.729111601690428,0.1843596270732734,,0.03789939658682455,1
24,0.32999999999999996,0.23,0.9,0.2,7,150000,169658.04703903676,19658.047039036755,13.105364692691172,2.0890569930588354,0.03719836093335878,0.03947178296945205,-6.929014146664097,0.30149411573428386,3.561953865458451,1401,807,594,57.601713062098504,117.14472878291133,-122.9906550316578,268.1441719911465,-445.6982725675161,1.2940102798165731,14.667380442541042,42,71,59.154929577464785,2.775279896384153,-2.303940191829401,0.17916254233883158,,0.46111749080722597,11
21,0.35,0.27,0.9,0.2,5,150000,169439.38407284286,19439.384072842862,12.959589381895242,2.066954929890308,0.03102140741080538,0.0343904300942158,-5.999301428020115,0.3445326017853453,2.7085626240171066,1401,806,595,57.53033547466095,96.07949930989233,-94.41914684195405,212.94802459611944,-398.86952755388774,1.378442755884977,14.179157744468236,40,71,56.33802816901409,1.8933230479963647,-1.919506787609071,0.17477249224050567,,0.03102140741080538,1
21,0.22999999999999998,0.13,0.7,0.30000000000000004,7,150000,168808.67467573957,18808.674675739574,12.539116450493049,2.0030707173860574,0.018482879818897523,0.018339601469951526,-11.682564413323739,0.17145813594672707,4.388086086908637,1392,1086,306,78.01724137931035,82.98353337231035,-227.13020446608354,197.34012465126517,-2609.4099056905948,1.2966579577504533,11.97198275862069,43,71,60.56338028169014,2.4301071408066477,-3.8830628250756005,0.1748912544019847,,0.018482879818897523,1
27,0.31,0.09,0.6000000000000001,0.2,5,150000,166532.99167540148,16532.991675401485,11.021994450267657,1.7709043575264705,0.015798504131266933,0.014319335893981676,-34.07512289637757,0.05197059341243727,8.69990152606796,1272,965,307,75.86477987421384,195.50731278158352,-555.3028181070235,433.1521501671933,-2402.024750866816,1.1066800137978248,15.3812893081761,40,71,56.33802816901409,5.936400016957255,-10.704470780275454,0.19735380986977535,,0.015798504131266933,1
30,0.35,0.25,0.5,0.2,5,150000,167880.18185452957,17880.18185452957,11.920121236353046,1.9086618166965996,-0.016082189338718893,-0.018997564235000756,-5.8133718132498595,0.3283226805390927,3.309714856868244,1401,944,457,67.38044254104211,90.18071445044001,-143.17092469741493,199.14547763597756,-449.6708360250306,1.3011118609989512,10.364739471805853,44,71,61.97183098591549,2.04801065430531,-2.522512732454274,0.16281857827851012,,0.07855403000864951,3
21,0.35,0.19,0.9,0.1,5,150000,167115.64646231223,17115.64646231223,11.41043097487482,1.8305973315368984,-0.01885978337442242,-0.018345570724756583,-10.066365163237519,0.18185286365551898,4.473676630100639,1401,674,727,48.10849393290507,190.38926149808643,-150.4613697213623,401.9087483076697,-687.5027323891471,1.1731213098744369,12.60670949321913,36,71,50.70422535211267,3.1538283030119407,-2.9800835838930784,0.16083679138707943,,0.11358233391987534,3
33,0.31,0.09,0.6000000000000001,0.6,5,150000,150180.83647976175,180.83647976175416,0.12055765317450276,0.02023004751652291,-0.07298748883824407,-0.06766974027790061,-52.47113008648123,0.00038554625149449603,13.860366340055648,1180,981,199,83.13559322033899,203.34140441648867,-993.7843279037049,433.1521501671933,-4033.8309770397086,1.008671165866119,21.391525423728815,39,71,54.929577464788736,11.405665743896876,-17.582297889151256,0.11311721936631691,,-0.07298748883824407,1
21,0.22999999999999998,0.05,0.5,0.5,7,150000,161452.25821878586,11452.258218785864,7.63483881252391,1.2428832987346983,-0.09306079115535319,-0.07449799490342755,-24.967582278462462,0.04977988196345444,6.158133289284199,1184,980,204,82.77027027027027,122.84567376976801,-526.4573631157566,269.5627744532754,-2408.2503542480326,1.1209663368416045,13.673141891891891,42,71,59.154929577464785,3.849999860277342,-7.677390559925856,0.12294796123746941,,-0.09306079115535319,1
30,0.19,0.09,0.9,0.9,9,150000,161382.27174350474,11382.271743504738,7.588181162336492,1.2355138892139017,-0.10342915026827168,-0.09538500381101876,-16.90796164078782,0.07307290585716832,5.81694593164179,1151,879,272,76.36837532580365,89.94216187465395,-243.31098729537814,166.58780602306595,-1607.5493907563016,1.1945974193754556,23.90616854908775,43,71,60.56338028169014,2.8758809102250593,-4.3236794152958336,0.11508399609032743,,-0.10342915026827168,1
30,0.32999999999999996,0.09,0.7,0.4,11,150000,152922.8137740147,2922.8137740147067,1.9485425160098042,0.3245160729439478,-0.10735857761357141,-0.10169403470550191,-41.78417606895387,0.007766482517410868,10.471306382370576,1269,909,360,71.63120567375887,214.50259268569158,-528.9176193814102,486.1801210348058,-4984.007393536798,1.0240139989377095,18.689519306540582,39,71,54.929577464788736,6.464203085277065,-14.08925319459543,0.09771308421998216,,-0.10735857761357141,1
24,0.32999999999999996,0.19,0.4,0.2,5,150000,163980.77990323488,13980.779903234885,9.320519935489923,1.5073644807230613,-0.1235788665537867,-0.13584793804143128,-7.557122384266507,0.19946275898102525,3.5568649294299393,1401,1018,383,72.66238401142041,93.77419919525575,-207.98969941923738,239.66315384350006,-708.8907380841755,1.1983689306703236,6.8886509635974305,41,71,57.74647887323944,2.293511205253962,-2.5682924424371256,0.1280439314668668,,-0.1235788665537867,1
24,0.35,0.13,0.7,0.1,13,150000,161092.4038926338,11092.403892633796,7.39493592842253,1.2049631480844925,-0.12477773580749067,-0.12420098697316133,-14.255777502631467,0.08452454787976797,5.295595873685126,1400,798,602,56.99999999999999,191.3113536897126,-232.14959526875353,474.3485262497296,-1205.8233631271607,1.092393768235949,9.451428571428572,37,71,52.112676056338024,3.2663049332719574,-3.8583128471092576,0.1117184407953693,,-0.12477773580749067,1
45,0.32999999999999996,0.19,0.5,0.30000000000000004,19,150000,155383.96557273722,5383.965572737216,3.58931038182481,0.5937958014986089,-0.12938860341115951,-0.15008327886153539,-24.95178714761914,0.02379772631056882,8.247386902757205,1388,1052,336,75.79250720461094,125.19341743173642,-370.58068323060115,336.4581432997428,-2629.8756354333077,1.057730869753798,16.12319884726225,41,71,57.74647887323944,5.439174192834462,-6.295030497527887,0.07805785616351792,,-0.12938860341115951,1
24,0.31,0.05,0.9,0.7000000000000001,9,150000,153906.98229954907,3906.9822995490686,2.6046548663660456,0.43262566789594725,-0.13955671306505887,-0.11766531845610823,-34.87588103448792,0.012404723696245384,8.578434170590214,1237,901,336,72.83751010509296,211.36231431650728,-550.3641752965856,422.91963959812705,-5011.129808643845,1.0298237715170935,18.510105092966857,42,71,59.154929577464785,5.855847788259649,-7.8903396273169,0.09247786548857291,,-0.13955671306505887,1
21,0.35,0.27,0.7,0.2,5,150000,163709.52781713917,13709.52781713917,9.139685211426112,1.4791548999321114,-0.2007183679174025,-0.22877738943194464,-5.2942349045595885,0.27938973744028794,2.489405639464912,1401,837,564,59.743040685224834,82.48934357285883,-94.88076729321976,186.26592695204678,-384.4551886107671,1.290226665944168,10.505353319057816,42,71,59.154929577464785,1.6207355287812808,-1.8204500515140554,0.12501084664335077,,-0.2007183679174025,1
33,0.27,0.21,0.8,0.30000000000000004,13,150000,160513.51023381008,10513.510233810084,7.009006822540057,1.1438132619410402,-0.20848002097105284,-0.2311610627806096,-11.581101562810245,0.09876549788787838,3.789584139990402,1401,1015,386,72.44825124910777,64.03218659298031,-136.4193242437768,139.52200047931674,-735.3182661932386,1.2342444305748101,18.659528907922912,43,71,60.56338028169014,2.29956110177707,-3.029106266526571,0.10161901158672802,,-0.20848002097105284,1
21,0.35,0.03,0.9,0.4,7,150000,135977.69237472932,-14022.307625270681,-9.348205083513788,-1.634227460701354,-0.2156576944613497,-0.16503781128455586,-53.66440517947013,0.030452726630175054,12.931671105737777,1401,1064,337,75.94575303354748,256.2325830003816,-845.2002253344282,487.978819148586,-7608.039814679088,0.9571642679258077,19.612419700214133,42,71,59.154929577464785,7.891910144229186,-21.943325122926872,0.024465809892370877,,-0.2156576944613497,1
36,0.32999999999999996,0.23,0.4,0.2,7,150000,158839.0582249576,8839.058224957611,5.892705483305074,0.9658980061631572,-0.26230188908712154,-0.29829535880361696,-7.33975021408587,0.1315982121993037,3.6969771202443926,1401,1006,395,71.80585296216988,79.61401275192571,-175.77554076838499,171.59091355037458,-1334.0667813677699,1.1535381347866736,10.119914346895074,41,71,57.74647887323944,1.9125414678487607,-2.8897801737146955,0.08585998846475264,,-0.26230188908712154,1
21,0.31,0.19,0.2,0.5,7,150000,158818.0713953992,8818.071395399194,5.878714263599464,0.9636582127238613,-0.30597667042076854,-0.34128110235604736,-7.364281939456217,0.13085569246891415,3.2294954007413974,1401,1235,166,88.15132048536759,52.00222612521696,-322.7914329474503,169.61990701060958,-1348.9630757723664,1.198557310465239,5.795860099928622,45,71,63.38028169014085,2.0547232441561425,-3.3646502637787568,0.0837255018098973,,-0.30597667042076854,1
36,0.31,0.09,0.5,0.8,19,150000,142260.02562248515,-7739.974377514853,-5.1599829183432355,-0.8855060396711689,-0.31176237568415405,-0.30182273158385503,-33.51277730458391,0.026422938081889395,8.19042659296974,1122,817,305,72.81639928698752,153.83606530476158,-432.67357289025733,417.7924785651571,-2914.09697852256,0.9524013681891474,15.540998217468806,39,71,54.929577464788736,4.510246145361796,-7.5545078780693276,-0.04177254778888881,,-0.31176237568415405,1
21,0.32999999999999996,0.05,0.5,0.5,15,150000,148922.3354668285,-1077.6645331715117,-0.7184430221143411,-0.12098014802728319,-0.35016205527756084,-0.3082357568703849,-25.466410130237243,0.004750577227358749,5.6062856190125485,1304,862,442,66.1042944785276,170.4078555532598,-330.9367330771759,478.0648623662925,-5309.886156801695,1.0042217708870307,10.226993865030675,41,71,57.74647887323944,3.8174124616226823,-9.280050090546155,0.013846567613150222,,-0.35016205527756084,1
21,0.31,0.25,0.7,0.7000000000000001,5,150000,156375.23157395303,6375.231573953031,4.250154382635355,0.7012504714729584,-0.4001682653639036,-0.4340431608138913,-10.61762003135182,0.06604591889729512,3.1281162469082697,1401,1059,342,75.58886509635975,57.79501189306486,-154.99528076267677,128.9565831210831,-592.1861113468685,1.1546270729823487,13.673090649536046,46,71,64.7887323943662,1.5847475977854408,-2.7714729334300747,0.06279945213926288,,-0.4001682653639036,1
45,0.27,0.19,0.9,0.6,23,150000,144742.72983592522,-5257.270164074784,-3.504846776049856,-0.5971907606287519,-0.42896045748578504,-0.49636908780679717,-17.875933321662423,0.033407528987874656,5.682945432138418,1352,934,418,69.0828402366864,75.56371835007305,-177.21574905041592,184.69368940346155,-1287.0972503455116,0.9527557979163697,22.457100591715978,42,71,59.154929577464785,2.870619731301427,-5.470654307703537,-0.03621384011846241,,-0.42896045748578504,1
30,0.35,0.09,0.9,0.1,5,150000,129139.26210564924,-20860.737894350765,-13.907158596233844,-2.4826834928600494,-0.43388990040013137,-0.3808694135362778,-40.94837859039189,0.060629592143181595,9.38457485607381,1286,724,562,56.298600311041994,288.8325789070572,-406.2343861620745,514.4580144713583,-3188.937297423727,0.91594995704763,19.073872472783826,36,71,50.70422535211267,7.852295397175646,-14.83262339904451,-0.13760543697275823,,-0.43388990040013137,1
42,0.19,0.07,0.30000000000000004,0.30000000000000004,15,150000,150953.15388318067,953.1538831806683,0.6354359221204455,0.10640116024240864,-0.45493129746964217,-0.3423673647090155,-8.836183470125366,0.012041529083471943,3.9871536464712123,746,647,99,86.72922252010724,56.007127547821845,-346.6026024270468,180.64878925328796,-1447.440236920811,1.0560404811204365,15.253351206434317,32,71,45.07042253521127,2.406083233064926,-6.580630614908789,0.014815380720701392,,-0.45493129746964217,2
42,0.19,0.07,0.30000000000000004,0.30000000000000004,15,150000,150953.15388318067,953.1538831806683,0.6354359221204455,0.10640116024240864,-0.45493129746964217,-0.3423673647090155,-8.836183470125366,0.012041529083471943,3.9871536464712123,746,647,99,86.72922252010724,56.007127547821845,-346.6026024270468,180.64878925328796,-1447.440236920811,1.0560404811204365,15.253351206434317,32,71,45.07042253521127,2.406083233064926,-6.580630614908789,0.014815380720701392,,-0.45493129746964217,2
33,0.35,0.09,0.30000000000000004,0.2,23,150000,143988.20000032661,-6011.799999673385,-4.0078666664489235,-0.6843758208606388,-0.4743178583922279,-0.4722127990444085,-24.607780290353883,0.02781135936624525,5.361444782334166,1204,875,329,72.67441860465115,125.79870155169813,-348.08651628400474,514.0473112898724,-2043.2566651259033,0.9611720049856146,8.306478405315614,37,71,52.112676056338024,2.72929243691582,-6.7936245566508235,-0.04605199261620552,,-0.4743178583922279,1
45,0.22999999999999998,0.05,0.5,0.5,9,150000,132247.89242459234,-17752.10757540766,-11.834738383605107,-2.0924681251014543,-0.49810660458831685,-0.3295598991226509,-23.798906241286172,0.08792286939100821,7.666560265913951,626,526,100,84.02555910543131,110.64485033996469,-751.374988542391,502.60363695739653,-5317.5375136866905,0.7745691853773751,27.528753993610223,30,71,42.25352112676056,5.1672663302610555,-10.236550627826436,-0.14494064552709685,,-0.49810660458831685,1
21,0.32999999999999996,0.03,0.30000000000000004,0.2,7,150000,115250.6021721639,-34749.3978278361,-23.166265218557403,-4.3278494556821645,-0.5110733274912406,-0.4026140076693021,-54.20940281886504,0.0798357707452195,11.29889161614225,1401,1122,279,80.08565310492506,179.84850788600812,-841.2835974048675,441.7599882797256,-7463.323199594755,0.8597121632016962,13.708779443254818,42,71,59.154929577464785,7.574061684343625,-19.758622120002567,-0.24060725265826932,,-0.5110733274912406,1
33,0.32999999999999996,0.19,0.7,0.1,5,150000,142909.49946631,-7090.500533690007,-4.727000355793338,-0.8096810454010117,-0.5154643250918857,-0.5144522387678968,-15.455289980259188,0.05238860263606864,5.195580334518027,1401,713,688,50.89221984296931,162.3884109024472,-175.94787428367374,356.2090099576073,-529.6454452001298,0.956471644018589,11.615274803711635,35,71,49.29577464788733,3.06518533518938,-3.882298840555065,-0.05698084470544867,,-0.5154643250918857,1
24,0.31,0.23,0.6000000000000001,0.2,7,150000,154254.9563408444,4254.956340844394,2.836637560562929,0.4707125156852454,-0.5954785396620101,-0.6347571990315374,-5.763201964847657,0.08167551971218973,2.516295240432415,1401,880,521,62.81227694503926,71.27356544773949,-108.72261277005609,157.26026148634398,-362.2782830330856,1.1072700500804453,9.083511777301927,39,71,54.929577464788736,1.7462343006698688,-2.137718030307234,0.04161340219643434,,-0.13123858798390134,2
21,0.32999999999999996,0.13,0.8,0.5,19,150000,151305.10723906686,1305.107239066856,0.8700714927112373,0.14554863238009919,-0.6227737114691034,-0.6414375795856481,-11.12065650977118,0.01308813308388877,2.909708187152686,1401,886,515,63.24054246966453,87.67822736757115,-144.76990720123004,420.3024656330568,-1272.766811532019,1.041933394759935,5.185581727337616,42,71,59.154929577464785,1.661689790019949,-2.7901800584507863,0.0146791882684774,,-0.6227737114691034,1
24,0.29000000000000004,0.15,0.4,0.1,9,150000,148606.55261559808,-1393.447384401923,-0.9289649229346154,-0.15656837056686745,-0.7150944405014146,-0.7103415862894376,-7.832334256709789,0.019990001120386142,2.954956804474428,1401,922,479,65.81013561741614,86.93271088949821,-166.4386363769333,230.53321083243216,-975.1953209953526,1.005366665524493,5.354746609564597,35,71,49.29577464788733,1.653352762543392,-2.105238983479407,-0.012042124009922257,,-0.7150944405014146,1
42,0.27,0.19,0.2,0.8,23,150000,144049.65186062493,-5950.34813937507,-3.9668987595833802,-0.6772609265330742,-0.7413103892642313,-0.8443009002997868,-11.088558545009834,0.06107745418703325,3.531158758605298,1362,1154,208,84.72834067547724,35.31151714574889,-216.00595637308183,130.86014205642974,-1287.0972503455116,0.9069704219488758,8.705580029368576,42,71,59.154929577464785,2.112016546776574,-3.025605087890415,-0.0529221871710752,,-0.7413103892642313,1
24,0.35,0.29000000000000004,0.4,0.30000000000000004,11,150000,157181.25261579495,7181.252615794947,4.787501743863298,0.7882073015651914,-0.762513691888245,-0.9400614232463766,-3.9967199216079665,0.19721354436266791,1.5762727815334283,1401,1003,398,71.59172019985725,40.16045638752648,-78.58890738926316,115.5505344587302,-309.07932992660704,1.2878202495173827,8.262669521770164,42,71,59.154929577464785,0.775375034939696,-1.1659354125759358,0.06623207715804678,,-0.762513691888245,1
36,0.15,0.09,0.2,0.8,9,150000,147644.8291985882,-2355.1708014117903,-1.5701138676078603,-0.26534209478773496,-0.8275177202247083,-0.7352754936753532,-6.897765686242774,0.03846783246304606,2.6942301091024143,959,893,66,93.11783107403545,19.829932416326923,-285.1000068062767,88.02145791000905,-1147.8328511801956,0.9410908041319116,8.815432742440041,40,71,56.33802816901409,0.9858446449125813,-3.3088887583397564,-0.020674821536720206,,-0.8275177202247083,1
39,0.25,0.03,0.9,0.1,13,150000,117451.07864908298,-32548.921350917022,-21.69928090061135,-4.02358219929666,-0.8620783724128036,-0.5314678109963099,-28.449417819503957,0.14142933345153477,6.812966243123035,683,489,194,71.59590043923866,141.28559012253666,-519.3282212414737,304.5216454614791,-6818.759722490362,0.6857456723726405,29.740849194729137,27,71,38.028169014084504,7.525692438491349,-15.084306020496442,-0.28847030256168177,,-0.8620783724128036,1
36,0.16999999999999998,0.05,0.9,0.9,21,150000,138421.08616266047,-11578.913837339525,-7.7192758915596835,-1.3396726934650882,-0.8887194521554064,-0.60409117887082,-11.17800323169557,0.11984901647428454,3.6919420629933213,753,514,239,68.26029216467462,81.73337654773486,-220.12957900792046,163.16286734808895,-1981.9239537764088,0.7985208415337814,22.669322709163346,33,71,46.478873239436616,2.4312520106127167,-4.893292992505716,-0.10440580632950154,,-0.8887194521554064,1
36,0.35,0.05,0.30000000000000004,0.1,11,150000,103430.43292032993,-46569.56707967007,-31.046378053113383,-6.050243338505412,-0.9257473428755871,-0.7190581055486819,-50.81051551712202,0.11907463006287772,8.508895015390001,1004,729,275,72.60956175298804,172.71896659830367,-622.4599771994554,476.455007024708,-3969.2951065306415,0.735569025317677,15.549800796812749,35,71,49.29577464788733,8.43795268627714,-16.941074422496747,-0.44206833985398714,,-0.9257473428755871,1
33,0.32999999999999996,0.27,0.5,0.8,23,150000,152373.0687817008,2373.0687817008,1.5820458544672,0.26387506174379016,-0.9277813457369314,-1.1365645205615507,-4.638192150102634,0.05689179171629427,1.8529517059437468,1401,898,503,64.09707351891505,41.52386262426817,-65.79335955253345,112.43566773703341,-588.031020665292,1.126740835063921,10.006423982869379,40,71,56.33802816901409,0.9805074603015163,-1.6081543670964704,0.023074973603430037,,-0.9277813457369314,1
33,0.22999999999999998,0.03,0.2,0.1,19,150000,139676.2064385054,-10323.793561494589,-6.882529040996392,-1.190044632935816,-0.9978542154753246,-0.7052511161224233,-10.832836879759832,0.10985530809194645,3.154729945802575,790,583,207,73.79746835443038,88.14199407890676,-293.15737250973797,256.76368941229634,-2440.5822610111804,0.8467988513937416,13.644303797468355,27,71,38.028169014084504,2.513272156549484,-3.994891744533746,-0.09447685418125672,,-0.9978542154753246,1
21,0.19,0.11,0.2,0.8,15,150000,148125.64072032494,-1874.35927967506,-1.2495728531167067,-0.21088745139364873,-1.3226850415433755,-1.317774636948989,-6.070084114164248,0.034742097049619634,1.6613531880876398,1347,1077,270,79.9554565701559,27.902497937645773,-111.75647984648431,129.64563403954395,-925.6964827042933,0.9959150838377242,4.2071269487750556,44,71,61.97183098591549,0.677289214151866,-1.8566629077427121,-0.016963640142050207,,-1.3226850415433755,1
27,0.35,0.29000000000000004,0.8,0.1,5,150000,144451.7769319917,-5548.223068008287,-3.698815378672191,-0.6307651367727929,-1.3330560422271212,-1.3700584933712174,-6.856796363062193,0.0919912307985034,1.9608635446903062,1401,570,831,40.68522483940043,76.46439453577725,-56.933366971641256,166.6822518883776,-167.90928946201387,0.9212260657843132,10.579586009992862,36,71,50.70422535211267,1.2470936400217347,-1.2817120152730843,-0.05093211728035953,,-1.3330560422271212,1
33,0.22999999999999998,0.07,0.2,0.9,25,150000,134768.3973230773,-15231.602676922688,-10.154401784615127,-1.7816422966220102,-1.425590956969366,-1.2112142657643044,-12.677659922170148,0.14053400292796547,2.6402580158709035,1011,726,285,71.81008902077151,54.33001931723029,-187.23121649563305,287.6308536116891,-1131.43729605346,0.7391853672388006,6.329376854599406,37,71,52.112676056338024,1.2697016563951946,-2.868262431405133,-0.14862160412737124,,-1.425590956969366,1
30,0.29000000000000004,0.25,0.9,0.7000000000000001,19,150000,148108.77841040381,-1891.2215895961854,-1.2608143930641236,-0.21279471360663438,-1.5422795469670942,-1.7590248645395614,-5.225165971196788,0.040724967355992944,1.4283810223746336,1400,891,509,63.642857142857146,29.787853524583223,-52.28329878198986,87.51463191156589,-527.3712855421148,0.997323724002853,12.066428571428572,38,71,53.52112676056338,0.6340046732598026,-1.2192895438121076,-0.01665095112372131,,-1.5422795469670942,1
42,0.25,0.15,0.30000000000000004,0.1,7,150000,126820.98703289391,-23179.012967106086,-15.452675311404057,-2.778808898283358,-1.553778233483686,-1.428612603854894,-16.215979257056627,0.171362386090505,3.0716005288042405,1220,869,351,71.22950819672131,51.91285625370577,-190.04354715554368,165.8276705474276,-664.1568715989272,0.6762923215091046,7.409836065573771,35,71,49.29577464788733,1.2412106917462307,-3.490262430654456,-0.23264192099079145,,-1.553778233483686,1
42,0.35,0.03,0.2,0.6,23,150000,79967.15386201857,-70032.84613798143,-46.688564091987615,-10.02198673946072,-1.5716830435903864,-1.2057134624795982,-53.245858465814585,0.18822096268567315,7.798691921919515,793,536,257,67.59142496847414,138.76992276547324,-557.9090456820397,433.53586539496894,-5689.17640293985,0.5187565699611297,21.968474148802017,22,71,30.985915492957744,8.916244463627908,-11.45726549708167,-0.8214738701260247,,-1.5716830435903864,1
30,0.15,0.07,0.2,0.4,19,150000,142098.04234960303,-7901.957650396973,-5.267971766931315,-0.9044621898267491,-1.6581022504077452,-1.365448906704817,-7.169830589105605,0.1261483348297042,1.745321677014895,1025,832,193,81.17073170731707,26.03176062823836,-146.25845851355024,112.20506458605318,-678.8314279599653,0.7672706179068453,6.147317073170732,35,71,49.29577464788733,0.6163550186555788,-2.1116325468733765,-0.07533983958122935,,-1.6581022504077452,1
27,0.21,0.17,0.4,0.5,23,150000,144620.1658320465,-5379.834167953493,-3.5865561119689957,-0.6113271254159724,-3.481833460882755,-3.733357076617459,-3.6746576835967777,0.16636301338893741,0.7498332045819822,1397,871,526,62.3478883321403,17.435376376113272,-35.64628705623714,50.26809574446149,-277.9012729751781,0.8099336403678211,4.965640658554045,30,71,42.25352112676056,0.24027464126568088,-0.5638601820051603,-0.05097489897770389,,-3.481833460882755,1
24,0.29000000000000004,0.27,0.6000000000000001,0.7000000000000001,15,150000,147009.8665016612,-2990.133498338808,-1.993422332225872,-0.3374817979070466,-3.867915323330479,-4.2909001396948945,-2.5110727484355317,0.13439745945923198,0.6040597577074558,1235,763,472,61.78137651821862,13.656111580936924,-25.00899710724999,41.759054237862316,-256.65511103228084,0.8827003923904829,8.698785425101214,40,71,56.33802816901409,0.24768922928333215,-0.515562582455309,-0.02798790953983802,,-3.867915323330479,1
21,0.32999999999999996,0.21,0.7,0.1,25,150000,150000.0,0.0,0.0,0.0,,,0.0,,0.0,0,0,0,0.0,0.0,0.0,0.0,0.0,0.0,,0,71,0.0,0.0,0.0,0.0,True,,0
21,0.32999999999999996,0.21,0.7,0.1,25,150000,150000.0,0.0,0.0,0.0,,,0.0,,0.0,0,0,0,0.0,0.0,0.0,0.0,0.0,0.0,,0,71,0.0,0.0,0.0,0.0,True,,0
21,0.25,0.05,0.5,0.7000000000000001,25,150000,150000.0,0.0,0.0,0.0,,,0.0,,0.0,0,0,0,0.0,0.0,0.0,0.0,0.0,0.0,,0,71,0.0,0.0,0.0,0.0,True,,0
21,0.21,0.11,0.4,0.1,25,150000,150000.0,0.0,0.0,0.0,,,0.0,,0.0,0,0,0,0.0,0.0,0.0,0.0,0.0,0.0,,0,71,0.0,0.0,0.0,0.0,True,,0
