label,risk_pct,short_delta,strike_width,covid_trades,covid_pnl,total_trades,long_delta
user_w5,15,0.2,5.0,2,-4162.952482709514,453,
user_w10,15,0.2,10.0,2,-3316.0437627450933,454,
user_d08,20,0.2,,1,-2533.6094285871272,422,0.08
user_d10,20,0.2,,1,-2533.6094285871272,461,0.1
prior_d08,20,0.24,,1,-2533.6094285871272,387,0.08
prior_d10,20,0.24,,1,-2533.6094285871272,421,0.1
grid_w10,30,0.3,10.0,2,-5190.186358239449,546,
grid_d08,15,0.3,,1,-1953.4578855821053,326,0.08
grid_d10,15,0.3,,1,-1953.4578855821053,389,0.1
