date,pnl
2018-01-02 12:00:00,-1.2999999999883585
2018-01-03 12:00:00,-2.599999999976717
2018-01-04 12:00:00,28.049772933736676
2018-01-05 12:00:00,73.2424924732768
2018-01-08 12:00:00,92.85776827007066
2018-01-09 12:00:00,111.21176366112195
2018-01-10 12:00:00,108.149132856488
2018-01-11 12:00:00,163.90206791402306
2018-01-12 12:00:00,478.40912535530515
2018-01-16 12:00:00,315.3373162330827
2018-01-17 12:00:00,596.8636321010708
2018-01-18 12:00:00,645.4827453164326
2018-01-19 12:00:00,797.214869846066
2018-01-22 12:00:00,1087.9418798422557
2018-01-23 12:00:00,1134.0101064370829
2018-01-24 12:00:00,1113.1793607017316
2018-01-25 12:00:00,1134.8609530411777
2018-01-26 12:00:00,1513.7807627262955
2018-01-29 12:00:00,1242.3045084758196
2018-01-30 12:00:00,851.3613880569465
2018-01-31 12:00:00,1069.9013910565118
2018-02-01 12:00:00,1032.802796074422
2018-02-02 12:00:00,-1173.0107803665742
2018-02-05 12:00:00,-2606.2133429416863
2018-02-06 12:00:00,-2564.1486202419037
2018-02-07 12:00:00,-2615.731291407603
2018-02-08 12:00:00,-3236.3887847598817
2018-02-09 12:00:00,-3046.1080188048363
2018-02-12 12:00:00,-2695.2158968934673
2018-02-13 12:00:00,-2605.040468075342
2018-02-14 12:00:00,-2123.1244353743386
2018-02-15 12:00:00,-1921.2796181578306
2018-02-16 12:00:00,-1905.765354529518
2018-02-20 12:00:00,-1998.2173184083658
2018-02-21 12:00:00,-2090.7602889143454
2018-02-22 12:00:00,-1936.9959631273814
2018-02-23 12:00:00,-1310.2772794127814
2018-02-26 12:00:00,-1055.209144294582
2018-02-27 12:00:00,-1416.144885731599
2018-02-28 12:00:00,-1861.338660608104
2018-03-01 12:00:00,-2918.3280609299836
2018-03-02 12:00:00,-2058.3195938481076
2018-03-05 12:00:00,-1232.7694268819178
2018-03-06 12:00:00,-620.8795162719034
2018-03-07 12:00:00,-529.9000139493728
2018-03-08 12:00:00,-193.7252653905307
2018-03-09 12:00:00,441.8244758420624
2018-03-12 12:00:00,544.1220811445965
2018-03-13 12:00:00,336.4570550551871
2018-03-14 12:00:00,25.372068705793936
2018-03-15 12:00:00,115.59271520731272
2018-03-16 12:00:00,551.4392646390479
2018-03-19 12:00:00,-849.0879784916178
2018-03-20 12:00:00,-574.1887471295486
2018-03-21 12:00:00,-602.183649653336
2018-03-22 12:00:00,-3325.7468386097753
2018-03-23 12:00:00,-4541.355450070667
2018-03-26 12:00:00,-4277.720009939279
2018-03-27 12:00:00,-4497.872488166817
2018-03-28 12:00:00,-4570.983668409142
2018-03-29 12:00:00,-4187.609334206238
2018-04-02 12:00:00,-4900.482566563471
2018-04-03 12:00:00,-4347.08788515217
2018-04-04 12:00:00,-3902.164484738634
2018-04-05 12:00:00,-3610.072724907077
2018-04-06 12:00:00,-4603.536158081057
2018-04-09 12:00:00,-4322.490788611263
2018-04-10 12:00:00,-3467.098922575329
2018-04-11 12:00:00,-3585.3177466159395
2018-04-12 12:00:00,-3055.980259078642
2018-04-13 12:00:00,-2784.733884434012
2018-04-16 12:00:00,-2448.278950353677
2018-04-17 12:00:00,-2188.3919389927178
2018-04-18 12:00:00,-2091.071746987378
2018-04-19 12:00:00,-2254.429165431473
2018-04-20 12:00:00,-2429.297216222447
2018-04-23 12:00:00,-2147.6134004394407
2018-04-24 12:00:00,-3136.454802229622
2018-04-25 12:00:00,-2881.380309058499
2018-04-26 12:00:00,-1954.612517820031
2018-04-27 12:00:00,-1661.1349273855158
2018-04-30 12:00:00,-2096.2536629863025
2018-05-01 12:00:00,-1782.8082941671892
2018-05-02 12:00:00,-2435.390369389439
2018-05-03 12:00:00,-2560.625547665404
2018-05-04 12:00:00,-804.1104515453626
2018-05-07 12:00:00,-438.17911279186956
2018-05-08 12:00:00,-276.4110327750386
2018-05-09 12:00:00,-71.75945097114891
2018-05-10 12:00:00,143.07512716157362
2018-05-11 12:00:00,794.3356255343824
2018-05-14 12:00:00,822.1962590444891
2018-05-15 12:00:00,570.3869281949592
2018-05-16 12:00:00,874.506572504848
2018-05-17 12:00:00,886.5904875087726
2018-05-18 12:00:00,1145.788609435287
2018-05-21 12:00:00,1541.3357189232484
2018-05-22 12:00:00,1543.9862034422113
2018-05-23 12:00:00,1766.4512672454584
2018-05-24 12:00:00,1952.578745165083
2018-05-25 12:00:00,1721.0772353423235
2018-05-29 12:00:00,503.28885981233907
2018-05-30 12:00:00,1432.9202753950085
2018-05-31 12:00:00,1507.7048709325318
2018-06-01 12:00:00,2468.1902496620314
2018-06-04 12:00:00,2625.7953081376036
2018-06-05 12:00:00,3009.036367893772
2018-06-06 12:00:00,3287.389905721997
2018-06-07 12:00:00,3292.992603004095
2018-06-08 12:00:00,3525.5879145690124
2018-06-11 12:00:00,3597.960545597889
2018-06-12 12:00:00,3685.8348433097417
2018-06-13 12:00:00,3531.4852298313344
2018-06-14 12:00:00,3759.8639540235163
2018-06-15 12:00:00,4115.352676593204
2018-06-18 12:00:00,4059.312440527574
2018-06-19 12:00:00,3706.7005302239268
2018-06-20 12:00:00,3988.9542757231684
2018-06-21 12:00:00,3178.1143316044763
2018-06-22 12:00:00,3822.2191539588384
2018-06-25 12:00:00,1680.6703441977152
2018-06-26 12:00:00,2056.428006992908
2018-06-27 12:00:00,924.2929972911661
2018-06-28 12:00:00,1428.9628182926972
2018-06-29 12:00:00,1647.8647150404577
2018-07-02 12:00:00,2073.041361492971
2018-07-03 12:00:00,1761.5437315174204
2018-07-05 12:00:00,2738.826387922629
2018-07-06 12:00:00,2931.3179099520494
2018-07-09 12:00:00,3057.5255426883814
2018-07-10 12:00:00,3556.8248555805185
2018-07-11 12:00:00,3564.0643239554483
2018-07-12 12:00:00,3840.487278026878
2018-07-13 12:00:00,4447.4035139743355
2018-07-16 12:00:00,4484.043932406668
2018-07-17 12:00:00,4717.188244996796
2018-07-18 12:00:00,4754.178704244347
2018-07-19 12:00:00,4627.0742431283
2018-07-20 12:00:00,4620.2240076093585
2018-07-23 12:00:00,4964.014292635606
2018-07-24 12:00:00,5233.586005008867
2018-07-25 12:00:00,5654.203191259556
2018-07-26 12:00:00,5627.108954814903
2018-07-27 12:00:00,5261.156545127014
2018-07-30 12:00:00,4916.048778268509
2018-07-31 12:00:00,5423.4451653241995
2018-08-01 12:00:00,5302.664708854631
2018-08-02 12:00:00,5854.491105029534
2018-08-03 12:00:00,6152.210997202812
2018-08-06 12:00:00,6257.750383729115
2018-08-07 12:00:00,6400.122419823689
2018-08-08 12:00:00,6775.305282884423
2018-08-09 12:00:00,6780.063285990473
2018-08-10 12:00:00,6360.429376624699
2018-08-13 12:00:00,6039.213426057919
2018-08-14 12:00:00,6665.058125190291
2018-08-15 12:00:00,6011.002227872232
2018-08-16 12:00:00,6864.473762192734
2018-08-17 12:00:00,7486.279971326148
2018-08-20 12:00:00,7966.696046766418
2018-08-21 12:00:00,8129.00628857821
2018-08-22 12:00:00,8185.1988274086325
2018-08-23 12:00:00,8158.369199991081
2018-08-24 12:00:00,8601.329600182304
2018-08-27 12:00:00,8948.280265207955
2018-08-28 12:00:00,8979.18387485927
2018-08-29 12:00:00,9216.794748841756
2018-08-30 12:00:00,9091.748250035627
2018-08-31 12:00:00,9392.660208424379
2018-09-04 12:00:00,9384.21192377928
2018-09-05 12:00:00,9242.29983558206
2018-09-06 12:00:00,9022.777322474081
2018-09-07 12:00:00,8921.525141734659
2018-09-10 12:00:00,9360.084691563825
2018-09-11 12:00:00,9756.649154527171
2018-09-12 12:00:00,9850.349020657828
2018-09-13 12:00:00,10049.90744330993
2018-09-14 12:00:00,10266.209309567726
2018-09-17 12:00:00,9944.661301374901
2018-09-18 12:00:00,10351.20564997173
2018-09-19 12:00:00,10483.004495692032
2018-09-20 12:00:00,10829.392107210238
2018-09-21 12:00:00,11592.634530830226
2018-09-24 12:00:00,11664.879457201838
2018-09-25 12:00:00,11643.337610601535
2018-09-26 12:00:00,11413.338088936522
2018-09-27 12:00:00,11705.858915361285
2018-09-28 12:00:00,11896.812743178016
2018-10-01 12:00:00,12179.383790802676
2018-10-02 12:00:00,12384.207219113334
2018-10-03 12:00:00,12479.856600428262
2018-10-04 12:00:00,11413.684915442718
2018-10-05 12:00:00,11088.190729560622
2018-10-08 12:00:00,11279.007913374255
2018-10-09 12:00:00,11238.77368212142
2018-10-10 12:00:00,7644.447101084341
2018-10-11 12:00:00,7256.473865413311
2018-10-12 12:00:00,5800.526949709863
2018-10-15 12:00:00,5732.581049436936
2018-10-16 12:00:00,6203.905772773753
2018-10-17 12:00:00,6227.484175415739
2018-10-18 12:00:00,5718.735238848603
2018-10-19 12:00:00,5751.805277005973
2018-10-22 12:00:00,5679.476980602281
2018-10-23 12:00:00,5346.632610928646
2018-10-24 12:00:00,3477.621171577164
2018-10-25 12:00:00,4167.933948243241
2018-10-26 12:00:00,3338.5549273513025
2018-10-29 12:00:00,3020.9413396496093
2018-10-30 12:00:00,3509.3980700674874
2018-10-31 12:00:00,3987.493735998374
2018-11-01 12:00:00,4545.362087085494
2018-11-02 12:00:00,4371.060651165899
2018-11-05 12:00:00,4665.1218471181055
2018-11-06 12:00:00,5061.474782694073
2018-11-07 12:00:00,5722.605906613579
2018-11-08 12:00:00,5809.4642568574345
2018-11-09 12:00:00,5677.396884962887
2018-11-12 12:00:00,4956.092484889057
2018-11-13 12:00:00,4916.5234186137095
2018-11-14 12:00:00,4474.801659025514
2018-11-15 12:00:00,4989.29431794252
2018-11-16 12:00:00,5255.970728977438
2018-11-19 12:00:00,4231.265667419444
2018-11-20 12:00:00,3178.432543344825
2018-11-21 12:00:00,3385.1809215834364
2018-11-23 12:00:00,2892.58715171137
2018-11-26 12:00:00,3808.0374413664103
2018-11-27 12:00:00,3950.8626208178466
2018-11-28 12:00:00,4891.965221489838
2018-11-29 12:00:00,4864.080630875193
2018-11-30 12:00:00,5163.974335970415
2018-12-03 12:00:00,5513.665115528362
2018-12-04 12:00:00,4476.548804305436
2018-12-06 12:00:00,4463.065909257624
2018-12-07 12:00:00,3228.3719755259226
2018-12-10 12:00:00,3416.223713263171
2018-12-11 12:00:00,3444.0584696785954
2018-12-12 12:00:00,3628.7007360427233
2018-12-13 12:00:00,3693.0765434680216
2018-12-14 12:00:00,2687.30810769627
2018-12-17 12:00:00,1635.3690039860667
2018-12-18 12:00:00,1588.6347714150033
2018-12-19 12:00:00,737.0960720461735
2018-12-20 12:00:00,396.1409031971125
2018-12-21 12:00:00,73.38243466193671
2018-12-24 12:00:00,-494.1361869540706
2018-12-26 12:00:00,139.84054641914554
2018-12-27 12:00:00,258.99806268292014
2018-12-28 12:00:00,272.71898630517535
2018-12-31 12:00:00,573.3775096753379
2019-01-02 12:00:00,756.5108206717123
2019-01-03 12:00:00,-63.252941103302874
2019-01-04 12:00:00,1044.2074257630738
2019-01-07 12:00:00,1245.5527884393523
2019-01-08 12:00:00,1609.0110298535728
2019-01-09 12:00:00,1781.4426966343308
2019-01-10 12:00:00,1894.704721651884
2019-01-11 12:00:00,2022.5172232939512
2019-01-14 12:00:00,1889.0062219629763
2019-01-15 12:00:00,2264.1485371677554
2019-01-16 12:00:00,2350.6017495615524
2019-01-17 12:00:00,2648.475172304781
2019-01-18 12:00:00,2932.1907324460917
2019-01-22 12:00:00,2481.7548395968624
2019-01-23 12:00:00,2713.5225200481364
2019-01-24 12:00:00,2814.562926378334
2019-01-25 12:00:00,3210.7350837948034
2019-01-28 12:00:00,2890.5635614757775
2019-01-29 12:00:00,2886.895640609553
2019-01-30 12:00:00,3557.345984669955
2019-01-31 12:00:00,3994.9727941945603
2019-02-01 12:00:00,4198.395413310151
2019-02-04 12:00:00,4601.964453510242
2019-02-05 12:00:00,4693.542559067835
2019-02-06 12:00:00,4718.497121208959
2019-02-07 12:00:00,4356.611206637259
2019-02-08 12:00:00,4560.724542491516
2019-02-11 12:00:00,4652.710797914071
2019-02-12 12:00:00,5157.303845367889
2019-02-13 12:00:00,5353.591585887189
2019-02-14 12:00:00,5264.554736103542
2019-02-15 12:00:00,5779.89686670134
2019-02-19 12:00:00,5949.930625416542
2019-02-20 12:00:00,6236.102537343628
2019-02-21 12:00:00,6125.3537799811165
2019-02-22 12:00:00,6436.0856787294615
2019-02-25 12:00:00,6462.13015554304
2019-02-26 12:00:00,6514.61399147741
2019-02-27 12:00:00,6685.28410292801
2019-02-28 12:00:00,6637.064775184903
2019-03-01 12:00:00,7190.822437920957
2019-03-04 12:00:00,6980.029631492071
2019-03-05 12:00:00,6996.3654022605915
2019-03-06 12:00:00,6436.352025316592
2019-03-07 12:00:00,5589.6846205642505
2019-03-08 12:00:00,5635.055485678982
2019-03-11 12:00:00,7202.769274585444
2019-03-12 12:00:00,7563.606675154704
2019-03-13 12:00:00,8068.588893980457
2019-03-14 12:00:00,8073.636732763203
2019-03-15 12:00:00,8637.446481688414
2019-03-18 12:00:00,9036.51228270348
2019-03-19 12:00:00,9009.688342268404
2019-03-20 12:00:00,8979.92327263183
2019-03-21 12:00:00,9420.743127530208
2019-03-22 12:00:00,8361.257889436936
2019-03-25 12:00:00,8474.851980798383
2019-03-26 12:00:00,9322.4956679694
2019-03-27 12:00:00,8963.272329349857
2019-03-28 12:00:00,9430.867706477758
2019-03-29 12:00:00,10006.652413165633
2019-04-01 12:00:00,10426.732344638207
2019-04-02 12:00:00,10527.704706593911
2019-04-03 12:00:00,10631.941394852212
2019-04-04 12:00:00,10771.28067204458
2019-04-05 12:00:00,11233.503943049029
2019-04-08 12:00:00,11302.049568459246
2019-04-09 12:00:00,11064.795212011115
2019-04-10 12:00:00,11480.749266139377
2019-04-11 12:00:00,11501.64055112406
2019-04-12 12:00:00,12103.772900405078
2019-04-15 12:00:00,12127.244816917577
2019-04-16 12:00:00,12317.418328208005
2019-04-17 12:00:00,12217.856122529483
2019-04-18 12:00:00,12371.944424017827
2019-04-22 12:00:00,12602.426427579572
2019-04-23 12:00:00,12938.337164424942
2019-04-24 12:00:00,12824.156643928553
2019-04-25 12:00:00,12978.708191629761
2019-04-26 12:00:00,13429.558406212775
2019-04-29 12:00:00,13573.804055877583
2019-04-30 12:00:00,13621.224148846697
2019-05-01 12:00:00,13028.417788346764
2019-05-02 12:00:00,13029.980652379425
2019-05-03 12:00:00,13925.676906152512
2019-05-06 12:00:00,13446.664805252105
2019-05-07 12:00:00,11541.818330317386
2019-05-08 12:00:00,11425.702552246308
2019-05-09 12:00:00,11142.010938381718
2019-05-10 12:00:00,12094.477690829139
2019-05-13 12:00:00,7829.951034107624
2019-05-14 12:00:00,8174.859878620802
2019-05-15 12:00:00,8511.286383225233
2019-05-16 12:00:00,8959.89420334826
2019-05-17 12:00:00,8643.850736357272
2019-05-20 12:00:00,8353.317839248251
2019-05-21 12:00:00,9168.07610862705
2019-05-22 12:00:00,9109.714868447452
2019-05-23 12:00:00,7774.226291347237
2019-05-24 12:00:00,8285.580217315146
2019-05-28 12:00:00,7260.501814759395
2019-05-29 12:00:00,6647.52273579585
2019-05-30 12:00:00,7005.464168976556
2019-05-31 12:00:00,5420.998057794728
2019-06-03 12:00:00,5301.43031465431
2019-06-04 12:00:00,6636.591672711482
2019-06-05 12:00:00,7197.886135952169
2019-06-06 12:00:00,7355.438510632695
2019-06-07 12:00:00,7624.857297656621
2019-06-10 12:00:00,7746.833835990721
2019-06-11 12:00:00,7762.448815383279
2019-06-12 12:00:00,7794.95718281524
2019-06-13 12:00:00,7955.925578618131
2019-06-14 12:00:00,8206.497431730648
2019-06-17 12:00:00,8256.303559850436
2019-06-18 12:00:00,8634.50957252906
2019-06-19 12:00:00,8821.967124617717
2019-06-20 12:00:00,9066.215567211417
2019-06-21 12:00:00,9081.525232313696
2019-06-24 12:00:00,9095.198318179057
2019-06-25 12:00:00,8589.197173670545
2019-06-26 12:00:00,8607.768391871388
2019-06-27 12:00:00,8905.742784751463
2019-06-28 12:00:00,9463.961975722515
2019-07-01 12:00:00,9988.47672831497
2019-07-02 12:00:00,10363.098271101713
2019-07-03 12:00:00,10578.923394297279
2019-07-05 12:00:00,10708.534249905293
2019-07-08 12:00:00,10590.857967530697
2019-07-09 12:00:00,10837.130311594927
2019-07-10 12:00:00,11154.762423215492
2019-07-11 12:00:00,11390.217265567917
2019-07-12 12:00:00,11687.73213108533
2019-07-15 12:00:00,11741.830006757606
2019-07-16 12:00:00,11577.272128518583
2019-07-17 12:00:00,10986.928258485364
2019-07-18 12:00:00,11301.898455211107
2019-07-19 12:00:00,10873.075201894302
2019-07-22 12:00:00,11279.27767697518
2019-07-23 12:00:00,11895.51924536869
2019-07-24 12:00:00,12521.626162650442
2019-07-25 12:00:00,12253.357455177873
2019-07-26 12:00:00,12806.000810272788
2019-07-29 12:00:00,12825.728636907239
2019-07-30 12:00:00,12548.832574463187
2019-07-31 12:00:00,11261.627856361913
2019-08-01 12:00:00,10337.761359732278
2019-08-02 12:00:00,9235.863466362061
2019-08-05 12:00:00,5700.780205246701
2019-08-06 12:00:00,5918.040624573419
2019-08-07 12:00:00,5947.565854572633
2019-08-08 12:00:00,6542.079481984285
2019-08-09 12:00:00,6326.85388884024
2019-08-12 12:00:00,5742.911563718313
2019-08-13 12:00:00,6672.467375002918
2019-08-14 12:00:00,4809.168324591097
2019-08-15 12:00:00,4998.453155245748
2019-08-16 12:00:00,6079.743168812362
2019-08-19 12:00:00,6806.878337844944
2019-08-20 12:00:00,6444.9022910338535
2019-08-21 12:00:00,7011.450563456572
2019-08-22 12:00:00,6985.320943377679
2019-08-23 12:00:00,4823.342207340407
2019-08-26 12:00:00,5893.865343618905
2019-08-27 12:00:00,5648.41064053186
2019-08-28 12:00:00,6255.754079750943
2019-08-29 12:00:00,7140.079487804149
2019-08-30 12:00:00,7380.903772604623
2019-09-03 12:00:00,7270.595695587079
2019-09-04 12:00:00,8160.5224205282575
2019-09-05 12:00:00,8611.94910043967
2019-09-06 12:00:00,9082.314494614024
2019-09-09 12:00:00,9112.286626205663
2019-09-10 12:00:00,9126.313150806265
2019-09-11 12:00:00,9366.66822501598
2019-09-12 12:00:00,9510.874821038858
2019-09-13 12:00:00,9649.238954284636
2019-09-16 12:00:00,9510.898885755392
2019-09-17 12:00:00,9722.1150275736
2019-09-18 12:00:00,9812.533770633017
2019-09-19 12:00:00,9900.523931238014
2019-09-20 12:00:00,9522.365693767671
2019-09-23 12:00:00,9945.404276195884
2019-09-24 12:00:00,8767.051378570352
2019-09-25 12:00:00,9609.93009463587
2019-09-26 12:00:00,9500.074199974217
2019-09-27 12:00:00,8900.459048400255
2019-09-30 12:00:00,9520.331382826436
2019-10-01 12:00:00,8028.425486312917
2019-10-02 12:00:00,6070.461087066622
2019-10-03 12:00:00,6467.505718195869
2019-10-04 12:00:00,7330.266910262755
2019-10-07 12:00:00,7113.7668598156015
2019-10-08 12:00:00,5877.017005563568
2019-10-09 12:00:00,6783.463092251273
2019-10-10 12:00:00,7455.290867954405
2019-10-11 12:00:00,8359.865179840883
2019-10-14 12:00:00,8838.581564340333
2019-10-15 12:00:00,9159.78827904578
2019-10-16 12:00:00,9365.027741185098
2019-10-17 12:00:00,9491.978009315091
2019-10-18 12:00:00,9416.104503296141
2019-10-21 12:00:00,9699.266600913921
2019-10-22 12:00:00,9583.471667568781
2019-10-23 12:00:00,9813.935065322148
2019-10-24 12:00:00,10104.335716790694
2019-10-25 12:00:00,10460.528672677552
2019-10-28 12:00:00,10620.017494380096
2019-10-29 12:00:00,10634.30392191853
2019-10-30 12:00:00,10893.56190394875
2019-10-31 12:00:00,10922.829120119597
2019-11-01 12:00:00,11275.810831373266
2019-11-04 12:00:00,11498.02529142311
2019-11-05 12:00:00,11653.251232238457
2019-11-06 12:00:00,11806.466051707801
2019-11-07 12:00:00,11977.164771257347
2019-11-08 12:00:00,12189.480926935648
2019-11-11 12:00:00,12126.44772973677
2019-11-12 12:00:00,12280.872167046822
2019-11-13 12:00:00,12310.660578739888
2019-11-14 12:00:00,12409.10115257866
2019-11-15 12:00:00,12744.090385124728
2019-11-18 12:00:00,12812.38050033481
2019-11-19 12:00:00,12817.818093186186
2019-11-20 12:00:00,12704.972570896207
2019-11-21 12:00:00,12815.614453715098
2019-11-22 12:00:00,13392.847407449328
2019-11-25 12:00:00,13839.948951869213
2019-11-26 12:00:00,13931.302071606857
2019-11-27 12:00:00,14093.74824533239
2019-11-29 12:00:00,14113.832600071531
2019-12-02 12:00:00,13392.316466661374
2019-12-03 12:00:00,12766.534548185911
2019-12-04 12:00:00,13553.364320934546
2019-12-05 12:00:00,13903.15186535145
2019-12-06 12:00:00,14532.766641945433
2019-12-09 12:00:00,14118.174275486788
2019-12-10 12:00:00,14410.920473923179
2019-12-11 12:00:00,14945.235929870076
2019-12-12 12:00:00,15597.77127824942
2019-12-13 12:00:00,15831.659395964496
2019-12-16 12:00:00,16243.42689775955
2019-12-17 12:00:00,16330.920999361464
2019-12-18 12:00:00,16471.892706786137
2019-12-19 12:00:00,16643.488582684833
2019-12-20 12:00:00,16969.09263914675
2019-12-23 12:00:00,17149.923824081925
2019-12-24 12:00:00,17199.432330725307
2019-12-26 12:00:00,17401.364436591597
2019-12-27 12:00:00,17533.823485943256
2019-12-30 12:00:00,17129.85907295771
2019-12-31 12:00:00,17349.419272199273
2020-01-02 12:00:00,17744.969559099816
2020-01-03 12:00:00,17450.948339442257
2020-01-06 12:00:00,18080.972552999563
2020-01-07 12:00:00,17981.1045784617
2020-01-08 12:00:00,18515.749980168475
2020-01-09 12:00:00,18933.642771451385
2020-01-10 12:00:00,18995.996342651168
2020-01-13 12:00:00,19423.745434691926
2020-01-14 12:00:00,19432.566395885427
2020-01-15 12:00:00,19660.50478999599
2020-01-16 12:00:00,19849.24395919341
2020-01-17 12:00:00,20002.06019326838
2020-01-21 12:00:00,19933.894677104603
2020-01-22 12:00:00,20050.418358583265
2020-01-23 12:00:00,20113.63602951431
2020-01-24 12:00:00,19461.374931376602
2020-01-27 12:00:00,17897.01395361274
2020-01-28 12:00:00,18739.416472914018
2020-01-29 12:00:00,18729.351037951972
2020-01-30 12:00:00,19193.63783102375
2020-01-31 12:00:00,17029.63620670009
2020-02-03 12:00:00,17824.759186574287
2020-02-04 12:00:00,18639.66567060401
2020-02-05 12:00:00,19073.355663050694
2020-02-06 12:00:00,19199.199319862237
2020-02-07 12:00:00,19053.9087707446
2020-02-10 12:00:00,19359.786346568464
2020-02-11 12:00:00,19479.03152966313
2020-02-12 12:00:00,19836.31092746838
2020-02-13 12:00:00,19777.865046564897
2020-02-14 12:00:00,20073.272029603628
2020-02-18 12:00:00,19983.03273048048
2020-02-19 12:00:00,20276.43258639032
2020-02-20 12:00:00,19985.434065571724
2020-02-21 12:00:00,19069.135981338943
2020-02-24 12:00:00,15545.921006831195
2020-02-25 12:00:00,15188.59370362939
2020-02-26 12:00:00,15159.06214428795
2020-02-27 12:00:00,14909.29529715798
2020-02-28 12:00:00,14868.736006159743
2020-03-02 12:00:00,15242.323639406386
2020-03-03 12:00:00,14639.420260896499
2020-03-04 12:00:00,15375.818521406356
2020-03-05 12:00:00,14606.471926298604
2020-03-06 12:00:00,14254.530673752597
2020-03-09 12:00:00,12581.74523149291
2020-03-10 12:00:00,12553.833875168057
2020-03-11 12:00:00,11986.662766579306
2020-03-12 12:00:00,11876.126444006659
2020-03-13 12:00:00,11547.946771765768
2020-03-16 12:00:00,11343.503042961704
2020-03-17 12:00:00,10773.794012923609
2020-03-18 12:00:00,10133.6146501693
2020-03-19 12:00:00,10112.573464363144
2020-03-20 12:00:00,10111.273464363156
2020-03-23 12:00:00,9972.89509349197
2020-03-24 12:00:00,10409.940383054112
2020-03-25 12:00:00,10230.970680800441
2020-03-26 12:00:00,10229.670680800453
2020-03-27 12:00:00,10095.268450226577
2020-03-30 12:00:00,10208.619486292155
2020-03-31 12:00:00,10026.361745105824
2020-04-01 12:00:00,9404.171922598296
2020-04-02 12:00:00,9681.097388552706
2020-04-03 12:00:00,9326.624100335437
2020-04-06 12:00:00,10506.189324837935
2020-04-07 12:00:00,10506.307524202508
2020-04-08 12:00:00,10867.424078271782
2020-04-09 12:00:00,10981.305596505117
2020-04-13 12:00:00,10861.923586546909
2020-04-14 12:00:00,11190.413573093945
2020-04-15 12:00:00,10932.76680327009
2020-04-16 12:00:00,11000.500892192358
2020-04-17 12:00:00,11417.936952191929
2020-04-20 12:00:00,11068.549890923314
2020-04-21 12:00:00,10241.509539771301
2020-04-22 12:00:00,10907.769005562848
2020-04-23 12:00:00,10919.182864823204
2020-04-24 12:00:00,11510.287887892628
2020-04-27 12:00:00,11966.284652036382
2020-04-28 12:00:00,11854.717345732119
2020-04-29 12:00:00,12588.252794909931
2020-04-30 12:00:00,12360.596471866505
2020-05-01 12:00:00,11562.543550597155
2020-05-04 12:00:00,11819.458106889506
2020-05-05 12:00:00,12178.53217774714
2020-05-06 12:00:00,11948.705225220765
2020-05-07 12:00:00,12566.85525601171
2020-05-08 12:00:00,13240.592607333849
2020-05-11 12:00:00,13335.636424033699
2020-05-12 12:00:00,12352.242054134433
2020-05-13 12:00:00,11467.445407496009
2020-05-14 12:00:00,12226.416113740735
2020-05-15 12:00:00,12761.962601984851
2020-05-18 12:00:00,14073.58149760653
2020-05-19 12:00:00,14077.864911843557
2020-05-20 12:00:00,14734.35449652464
2020-05-21 12:00:00,14543.595171697962
2020-05-22 12:00:00,14916.94289596827
2020-05-26 12:00:00,15317.539322338649
2020-05-27 12:00:00,15627.364354444173
2020-05-28 12:00:00,15587.910383885901
2020-05-29 12:00:00,15872.080022503214
2020-06-01 12:00:00,16002.899918235547
2020-06-02 12:00:00,16310.21373005939
2020-06-03 12:00:00,16582.10002546443
2020-06-04 12:00:00,16584.30292789961
2020-06-05 12:00:00,17105.357787709596
2020-06-08 12:00:00,17263.27458428446
2020-06-09 12:00:00,17115.96688350066
2020-06-10 12:00:00,17000.311645186535
2020-06-11 12:00:00,15199.066538273095
2020-06-12 12:00:00,15406.332942039182
2020-06-15 12:00:00,15689.733390990441
2020-06-16 12:00:00,16299.966318242572
2020-06-17 12:00:00,16210.187608713837
2020-06-18 12:00:00,16305.814349429507
2020-06-19 12:00:00,16045.120824415586
2020-06-22 12:00:00,16700.12975926086
2020-06-23 12:00:00,16909.208440705523
2020-06-24 12:00:00,15670.254693831666
2020-06-25 12:00:00,16244.282603169559
2020-06-26 12:00:00,14898.951947959664
2020-06-29 12:00:00,15862.918118541536
2020-06-30 12:00:00,16558.597103098495
2020-07-01 12:00:00,17106.051927244203
2020-07-02 12:00:00,17550.087647424865
2020-07-06 12:00:00,18032.51844031448
2020-07-07 12:00:00,17771.499581208802
2020-07-08 12:00:00,18176.90361946108
2020-07-09 12:00:00,17985.661930425355
2020-07-10 12:00:00,18609.35746738469
2020-07-13 12:00:00,18206.063508461608
2020-07-14 12:00:00,18748.96930339205
2020-07-15 12:00:00,19137.618774457602
2020-07-16 12:00:00,19059.681067693047
2020-07-17 12:00:00,19349.00197394553
2020-07-20 12:00:00,19740.710391234432
2020-07-21 12:00:00,19812.683615386195
2020-07-22 12:00:00,20100.683591181005
2020-07-23 12:00:00,19688.302246556384
2020-07-24 12:00:00,19504.36525420705
2020-07-27 12:00:00,20006.8064967354
2020-07-28 12:00:00,19683.514319079346
2020-07-29 12:00:00,20466.99851151032
2020-07-30 12:00:00,20304.059404317057
2020-07-31 12:00:00,20787.960752839223
2020-08-03 12:00:00,21212.644058945996
2020-08-04 12:00:00,21505.205427973677
2020-08-05 12:00:00,21922.540036252205
2020-08-06 12:00:00,22108.271390807116
2020-08-07 12:00:00,22348.569554928952
2020-08-10 12:00:00,22572.427446996473
2020-08-11 12:00:00,22236.287098956353
2020-08-12 12:00:00,22846.674589790142
2020-08-13 12:00:00,22845.784546297742
2020-08-14 12:00:00,22926.570315940742
2020-08-17 12:00:00,23273.1490557355
2020-08-18 12:00:00,23397.14276145547
2020-08-19 12:00:00,23171.440142148233
2020-08-20 12:00:00,23412.214548479853
2020-08-21 12:00:00,23702.439832058823
2020-08-24 12:00:00,24247.984367318422
2020-08-25 12:00:00,24474.489492254506
2020-08-26 12:00:00,24709.288333429693
2020-08-27 12:00:00,24771.063939558837
2020-08-28 12:00:00,25126.51917529534
2020-08-31 12:00:00,24981.243495620176
2020-09-01 12:00:00,25298.859113637212
2020-09-02 12:00:00,25658.01394995695
2020-09-03 12:00:00,24315.703014956613
2020-09-04 12:00:00,24006.749708381627
2020-09-08 12:00:00,22404.874922765448
2020-09-09 12:00:00,22997.336459986953
2020-09-10 12:00:00,22345.781404183217
2020-09-11 12:00:00,22363.302239767072
2020-09-14 12:00:00,23161.18890793185
2020-09-15 12:00:00,23363.832762149716
2020-09-16 12:00:00,23269.159266173287
2020-09-17 12:00:00,22867.227130286192
2020-09-18 12:00:00,22256.63053549989
2020-09-21 12:00:00,21385.418333402224
2020-09-22 12:00:00,21985.74136918268
2020-09-23 12:00:00,20465.70823215836
2020-09-24 12:00:00,20618.229992745648
2020-09-25 12:00:00,21735.073530466005
2020-09-28 12:00:00,22633.920359077747
2020-09-29 12:00:00,22420.105248748005
2020-09-30 12:00:00,22975.294741591555
2020-10-01 12:00:00,23350.933199566905
2020-10-02 12:00:00,23103.344175896927
2020-10-05 12:00:00,23955.009906049614
2020-10-06 12:00:00,23600.72083070132
2020-10-07 12:00:00,24344.53166883241
2020-10-08 12:00:00,24671.397006214596
2020-10-09 12:00:00,25190.057146392443
2020-10-12 12:00:00,25493.153959193616
2020-10-13 12:00:00,25428.010357120686
2020-10-14 12:00:00,25293.97663835733
2020-10-15 12:00:00,25276.71732439834
2020-10-16 12:00:00,25278.99599209384
2020-10-19 12:00:00,24580.285519571218
2020-10-20 12:00:00,24846.328970968432
2020-10-21 12:00:00,24850.128262203332
2020-10-22 12:00:00,25229.289994230727
2020-10-23 12:00:00,25513.171369096934
2020-10-26 12:00:00,23971.620906248834
2020-10-27 12:00:00,23790.006304859184
2020-10-28 12:00:00,22122.6292550613
2020-10-29 12:00:00,22210.494772666832
2020-10-30 12:00:00,21902.191872897616
2020-11-02 12:00:00,22144.44136128726
2020-11-03 12:00:00,22771.70588860626
2020-11-04 12:00:00,23948.839675608324
2020-11-05 12:00:00,24829.35985103299
2020-11-06 12:00:00,25069.673377545172
2020-11-09 12:00:00,25299.307378213998
2020-11-10 12:00:00,25329.751411403035
2020-11-11 12:00:00,25583.641710550146
2020-11-12 12:00:00,25312.03314062243
2020-11-13 12:00:00,25924.462020763283
2020-11-16 12:00:00,26354.705427521694
2020-11-17 12:00:00,26270.87372738376
2020-11-18 12:00:00,25863.59669284502
2020-11-19 12:00:00,26094.929350518185
2020-11-20 12:00:00,25776.15280452161
2020-11-23 12:00:00,26301.712945635634
2020-11-24 12:00:00,27182.678429327876
2020-11-25 12:00:00,27249.03806126106
2020-11-27 12:00:00,27412.938910847035
2020-11-30 12:00:00,27304.39087601428
2020-12-01 12:00:00,27819.946245073806
2020-12-02 12:00:00,27977.11549426007
2020-12-03 12:00:00,28011.04675443325
2020-12-04 12:00:00,28437.582947963878
2020-12-07 12:00:00,28469.83128042755
2020-12-08 12:00:00,28675.900466970284
2020-12-09 12:00:00,28174.50303344679
2020-12-10 12:00:00,28235.324708107684
2020-12-11 12:00:00,28220.782288548304
2020-12-14 12:00:00,27963.41434296826
2020-12-15 12:00:00,29052.821598119306
2020-12-16 12:00:00,29327.660790595604
2020-12-17 12:00:00,29722.942968105053
2020-12-18 12:00:00,29760.184728995024
2020-12-21 12:00:00,29457.435616962524
2020-12-22 12:00:00,29541.761269417213
2020-12-23 12:00:00,29746.58653246978
2020-12-24 12:00:00,30315.299497056374
2020-12-28 12:00:00,30838.30413759852
2020-12-29 12:00:00,30782.175501526595
2020-12-30 12:00:00,31029.45332989248
2020-12-31 12:00:00,31362.270515928365
2021-01-04 12:00:00,30612.35414891466
2021-01-05 12:00:00,31082.152159472957
2021-01-06 12:00:00,31429.928563764086
2021-01-07 12:00:00,32027.573503848485
2021-01-08 12:00:00,32356.290707226202
2021-01-11 12:00:00,32095.45216674247
2021-01-12 12:00:00,32222.921574208653
2021-01-13 12:00:00,32517.214115641662
2021-01-14 12:00:00,32276.857854836475
2021-01-15 12:00:00,32169.556412016624
2021-01-19 12:00:00,32881.06070428048
2021-01-20 12:00:00,33725.4562474695
2021-01-21 12:00:00,33854.24161824322
2021-01-22 12:00:00,33910.088690809
2021-01-25 12:00:00,34148.399998348614
2021-01-26 12:00:00,34209.52468417311
2021-01-27 12:00:00,32318.578233615175
2021-01-28 12:00:00,32962.670673165616
2021-01-29 12:00:00,31624.224147598667
2021-02-01 12:00:00,33180.76236885422
2021-02-02 12:00:00,34184.9252677077
2021-02-03 12:00:00,34532.43028110865
2021-02-04 12:00:00,35304.39988359972
2021-02-05 12:00:00,35578.88516207709
2021-02-08 12:00:00,35847.164671130595
2021-02-09 12:00:00,35923.60821701004
2021-02-10 12:00:00,35922.55549622385
2021-02-11 12:00:00,36073.63371045067
2021-02-12 12:00:00,36513.43127937318
2021-02-16 12:00:00,36454.74783625422
2021-02-17 12:00:00,36552.004924310924
2021-02-18 12:00:00,36329.10335065916
2021-02-19 12:00:00,36362.00315539166
2021-02-22 12:00:00,35858.04567808969
2021-02-23 12:00:00,35993.25352960083
2021-02-24 12:00:00,37060.10254140757
2021-02-25 12:00:00,34660.20032277948
2021-02-26 12:00:00,34263.548334816966
2021-03-01 12:00:00,36788.9573349499
2021-03-02 12:00:00,36348.61511269116
2021-03-03 12:00:00,35351.34384625984
2021-03-04 12:00:00,34367.504239285685
2021-03-05 12:00:00,35281.172048787615
2021-03-08 12:00:00,35040.784567831986
2021-03-09 12:00:00,35967.36341634751
2021-03-10 12:00:00,36562.16990473264
2021-03-11 12:00:00,37162.869618966535
2021-03-12 12:00:00,37397.46366099056
2021-03-15 12:00:00,37788.36536554093
2021-03-16 12:00:00,37784.45431785428
2021-03-17 12:00:00,37989.32604693182
2021-03-18 12:00:00,37298.61676260573
2021-03-19 12:00:00,37370.71467384155
2021-03-22 12:00:00,38108.888352180365
2021-03-23 12:00:00,37509.22092250877
2021-03-24 12:00:00,37119.378944947704
2021-03-25 12:00:00,37815.87718494551
2021-03-26 12:00:00,38972.6859308749
2021-03-29 12:00:00,38926.46825396741
2021-03-30 12:00:00,39035.71321418736
2021-03-31 12:00:00,39515.46373971412
2021-04-01 12:00:00,40090.95107384576
2021-04-05 12:00:00,40596.87002426377
2021-04-06 12:00:00,40697.08684145167
2021-04-07 12:00:00,40825.89829492426
2021-04-08 12:00:00,41001.94057323193
2021-04-09 12:00:00,41430.25773786317
2021-04-12 12:00:00,41542.06466889696
2021-04-13 12:00:00,41698.16524774098
2021-04-14 12:00:00,41574.980871509586
2021-04-15 12:00:00,42071.38648743686
2021-04-16 12:00:00,42334.697912934
2021-04-19 12:00:00,42119.25321117116
2021-04-20 12:00:00,41638.61109164747
2021-04-21 12:00:00,42416.19724704494
2021-04-22 12:00:00,41756.062138855516
2021-04-23 12:00:00,42755.183655062836
2021-04-26 12:00:00,43022.072639367165
2021-04-27 12:00:00,43119.116920825065
2021-04-28 12:00:00,43259.83819473916
2021-04-29 12:00:00,43645.790774120804
2021-04-30 12:00:00,43146.178035288554
2021-05-03 12:00:00,43540.06557551687
2021-05-04 12:00:00,43017.01442872334
2021-05-05 12:00:00,43212.27658455187
2021-05-06 12:00:00,44110.12187571279
2021-05-07 12:00:00,44880.88407083595
2021-05-10 12:00:00,44030.35164400854
2021-05-11 12:00:00,43227.14269513928
2021-05-12 12:00:00,41506.13119979206
2021-05-13 12:00:00,42281.81696249443
2021-05-14 12:00:00,44099.753975449305
2021-05-17 12:00:00,44112.56479375929
2021-05-18 12:00:00,43439.72898120817
2021-05-19 12:00:00,43251.31852378894
2021-05-20 12:00:00,44387.90489670675
2021-05-21 12:00:00,44560.00725242708
2021-05-24 12:00:00,45400.67690204925
2021-05-25 12:00:00,45320.95449892318
2021-05-26 12:00:00,45809.85304292073
2021-05-27 12:00:00,45982.58193086198
2021-05-28 12:00:00,46597.83160709703
2021-06-01 12:00:00,46611.28697789434
2021-06-02 12:00:00,46776.09542789421
2021-06-03 12:00:00,46573.77970113608
2021-06-04 12:00:00,47452.562979375245
2021-06-07 12:00:00,47510.19711133343
2021-06-08 12:00:00,47443.548054671526
2021-06-09 12:00:00,47250.877443889825
2021-06-10 12:00:00,47966.824800015136
2021-06-11 12:00:00,48383.16417627476
2021-06-14 12:00:00,48515.212702364806
2021-06-15 12:00:00,48373.8934474971
2021-06-16 12:00:00,47844.963132040895
2021-06-17 12:00:00,48008.11028750049
2021-06-18 12:00:00,46540.74513588872
2021-06-21 12:00:00,48383.907284533314
2021-06-22 12:00:00,49542.30318005034
2021-06-23 12:00:00,49656.2311883432
2021-06-24 12:00:00,50309.12277387059
2021-06-25 12:00:00,50627.17720425021
2021-06-28 12:00:00,50850.81470168778
2021-06-29 12:00:00,50924.617841573345
2021-06-30 12:00:00,51055.9317888041
2021-07-01 12:00:00,51336.919861313305
2021-07-02 12:00:00,51737.11877882035
2021-07-06 12:00:00,51697.345115351054
2021-07-07 12:00:00,51898.530041676364
2021-07-08 12:00:00,51259.46283304761
2021-07-09 12:00:00,52337.77455058275
2021-07-12 12:00:00,52648.0550711914
2021-07-13 12:00:00,52441.05099903242
2021-07-14 12:00:00,52687.4666214594
2021-07-15 12:00:00,52443.082968603354
2021-07-16 12:00:00,51728.37271055128
2021-07-19 12:00:00,50252.471201952954
2021-07-20 12:00:00,51455.99269952343
2021-07-21 12:00:00,52483.58375354679
2021-07-22 12:00:00,52805.50874225254
2021-07-23 12:00:00,53464.54322747502
2021-07-26 12:00:00,53688.95229614081
2021-07-27 12:00:00,53359.21130617437
2021-07-28 12:00:00,53612.00037373332
2021-07-29 12:00:00,54057.30518271026
2021-07-30 12:00:00,53969.543826383015
2021-08-02 12:00:00,53914.35153703031
2021-08-03 12:00:00,54662.81995499399
2021-08-04 12:00:00,54439.14527016308
2021-08-05 12:00:00,55033.23254736516
2021-08-06 12:00:00,55412.20333145026
2021-08-09 12:00:00,55427.312803627254
2021-08-10 12:00:00,55545.527813615394
2021-08-11 12:00:00,55978.17781656477
2021-08-12 12:00:00,56205.6484992395
2021-08-13 12:00:00,56466.9678926522
2021-08-16 12:00:00,56611.72751833775
2021-08-17 12:00:00,56006.611768230505
2021-08-18 12:00:00,54860.253514013224
2021-08-19 12:00:00,55080.83421609731
2021-08-20 12:00:00,56442.24956475917
2021-08-23 12:00:00,57363.885218100506
2021-08-24 12:00:00,57633.68764460675
2021-08-25 12:00:00,57935.04615488113
2021-08-26 12:00:00,57180.12600865969
2021-08-27 12:00:00,58415.53500807515
2021-08-30 12:00:00,58864.58421800309
2021-08-31 12:00:00,58801.30814257995
2021-09-01 12:00:00,59084.25606406928
2021-09-02 12:00:00,59213.92650423708
2021-09-03 12:00:00,59344.71932502618
2021-09-07 12:00:00,59187.17693886469
2021-09-08 12:00:00,59232.86420229325
2021-09-09 12:00:00,58734.58044472171
2021-09-10 12:00:00,57535.809273266495
2021-09-13 12:00:00,58341.31685713731
2021-09-14 12:00:00,57940.68134870322
2021-09-15 12:00:00,58984.796527739934
2021-09-16 12:00:00,58839.84057948002
2021-09-17 12:00:00,57472.221347582905
2021-09-20 12:00:00,55338.80569536329
2021-09-21 12:00:00,55243.31580069268
2021-09-22 12:00:00,55811.56363036577
2021-09-23 12:00:00,56725.0570094678
2021-09-24 12:00:00,57036.96781065906
2021-09-27 12:00:00,56917.77219214663
2021-09-28 12:00:00,55016.325443167065
2021-09-29 12:00:00,55201.63741430291
2021-09-30 12:00:00,53837.24821143132
2021-10-01 12:00:00,54635.53874365153
2021-10-04 12:00:00,53629.19427365085
2021-10-05 12:00:00,54359.91570286424
2021-10-06 12:00:00,54693.06091161736
2021-10-07 12:00:00,55363.418781258835
2021-10-08 12:00:00,55465.09532418847
2021-10-11 12:00:00,54987.27846994359
2021-10-12 12:00:00,54900.30133269465
2021-10-13 12:00:00,55412.73537944589
2021-10-14 12:00:00,56557.96758525196
2021-10-15 12:00:00,57004.06082177005
2021-10-18 12:00:00,57166.37187683635
2021-10-19 12:00:00,57397.96073109147
2021-10-20 12:00:00,57519.3676566463
2021-10-21 12:00:00,57651.757333205634
2021-10-22 12:00:00,57888.82943281505
2021-10-25 12:00:00,58142.13561817896
2021-10-26 12:00:00,58130.16242141236
2021-10-27 12:00:00,57894.382245989604
2021-10-28 12:00:00,58464.7726814957
2021-10-29 12:00:00,58718.781126101996
2021-11-01 12:00:00,58875.242637019575
2021-11-02 12:00:00,59168.81610803175
2021-11-03 12:00:00,59539.10172243437
2021-11-04 12:00:00,59828.84042808006
2021-11-05 12:00:00,59949.912017450086
2021-11-08 12:00:00,60069.351743785024
2021-11-09 12:00:00,59925.22627644293
2021-11-10 12:00:00,59466.450827421155
2021-11-11 12:00:00,59654.76652474119
2021-11-12 12:00:00,60418.14337047172
2021-11-15 12:00:00,60661.52724046135
2021-11-16 12:00:00,61092.67532965224
2021-11-17 12:00:00,61028.774196652375
2021-11-18 12:00:00,61236.53132147141
2021-11-19 12:00:00,61187.49757911672
2021-11-22 12:00:00,60871.6450340079
2021-11-23 12:00:00,61027.42300327838
2021-11-24 12:00:00,61551.702629475505
2021-11-26 12:00:00,58757.074259570276
2021-11-29 12:00:00,60551.785710586846
2021-11-30 12:00:00,59228.53994197733
2021-12-01 12:00:00,58634.41558375783
2021-12-02 12:00:00,59004.36806742681
2021-12-03 12:00:00,58697.93143621166
2021-12-06 12:00:00,59210.15301630524
2021-12-07 12:00:00,60536.05459223103
2021-12-08 12:00:00,60961.20848334051
2021-12-09 12:00:00,60499.09466990348
2021-12-10 12:00:00,61408.62179780792
2021-12-13 12:00:00,60982.29951937674
2021-12-14 12:00:00,60607.70739411522
2021-12-15 12:00:00,61568.770855326904
2021-12-16 12:00:00,61041.099154881784
2021-12-17 12:00:00,60321.582814755995
2021-12-20 12:00:00,59464.03690980672
2021-12-21 12:00:00,60836.75834995392
2021-12-22 12:00:00,61854.17948470832
2021-12-23 12:00:00,62320.229407586274
2021-12-27 12:00:00,62889.39131815906
2021-12-28 12:00:00,62903.28420022852
2021-12-29 12:00:00,63070.49714427194
2021-12-30 12:00:00,63025.097763448925
2021-12-31 12:00:00,63108.91260148931
2022-01-03 12:00:00,63506.07948935835
2022-01-04 12:00:00,63505.80939806701
2022-01-05 12:00:00,62109.94786646933
2022-01-06 12:00:00,62086.45166215865
2022-01-07 12:00:00,61815.52877182994
2022-01-10 12:00:00,61693.52969754388
2022-01-11 12:00:00,62635.104380605975
2022-01-12 12:00:00,63161.20173814855
2022-01-13 12:00:00,61216.72873719974
2022-01-14 12:00:00,61316.45104902951
2022-01-18 12:00:00,58266.729480603855
2022-01-19 12:00:00,57464.39129585301
2022-01-20 12:00:00,57066.362029529555
2022-01-21 12:00:00,56826.311836396926
2022-01-24 12:00:00,56878.52049048839
2022-01-25 12:00:00,56638.16740005353
2022-01-26 12:00:00,56523.85859257929
2022-01-27 12:00:00,56369.64809763574
2022-01-28 12:00:00,57118.56992991429
2022-01-31 12:00:00,57825.35326515103
2022-02-01 12:00:00,58232.47474852664
2022-02-02 12:00:00,58467.77424831371
2022-02-03 12:00:00,57671.52087109216
2022-02-04 12:00:00,57980.450301999226
2022-02-07 12:00:00,58037.598816613754
2022-02-08 12:00:00,58463.10026321132
2022-02-09 12:00:00,59085.843727142375
2022-02-10 12:00:00,58145.38109778467
2022-02-11 12:00:00,57100.3798808094
2022-02-14 12:00:00,56871.858575989376
2022-02-15 12:00:00,57882.81157572512
2022-02-16 12:00:00,58156.75174567505
2022-02-17 12:00:00,56271.2014496421
2022-02-18 12:00:00,55860.27298810455
2022-02-22 12:00:00,54503.66299361849
2022-02-23 12:00:00,53732.89570091796
2022-02-24 12:00:00,54045.29912469257
2022-02-25 12:00:00,54702.60027272525
2022-02-28 12:00:00,54581.00560667482
2022-03-01 12:00:00,53973.17962822996
2022-03-02 12:00:00,54796.18068149491
2022-03-03 12:00:00,54654.58728645844
2022-03-04 12:00:00,54242.27608310172
2022-03-07 12:00:00,52320.54938056454
2022-03-08 12:00:00,51973.440413877164
2022-03-09 12:00:00,53043.819142067834
2022-03-10 12:00:00,52924.90227361329
2022-03-11 12:00:00,52202.50390700158
2022-03-14 12:00:00,51743.27424830463
2022-03-15 12:00:00,52890.84048214578
2022-03-16 12:00:00,54196.78745203174
2022-03-17 12:00:00,54802.598098540795
2022-03-18 12:00:00,55273.644814210245
2022-03-21 12:00:00,55351.72277891767
2022-03-22 12:00:00,55565.433136985666
2022-03-23 12:00:00,55282.206448712095
2022-03-24 12:00:00,55766.81794295751
2022-03-25 12:00:00,55989.76177576647
2022-03-28 12:00:00,56315.17858349779
2022-03-29 12:00:00,56618.65794087044
2022-03-30 12:00:00,56485.393949052435
2022-03-31 12:00:00,55841.02186706019
2022-04-01 12:00:00,56152.49231525129
2022-04-04 12:00:00,56743.843153079564
2022-04-05 12:00:00,55863.8490307375
2022-04-06 12:00:00,55056.73426836403
2022-04-07 12:00:00,55599.70564664708
2022-04-08 12:00:00,55545.4546666237
2022-04-11 12:00:00,53263.30207845039
2022-04-12 12:00:00,53059.685698359855
2022-04-13 12:00:00,53647.903301377926
2022-04-14 12:00:00,52900.599091478594
2022-04-18 12:00:00,52952.06957544095
2022-04-19 12:00:00,53976.54132109464
2022-04-20 12:00:00,54085.79716201729
2022-04-21 12:00:00,52776.75516014156
2022-04-22 12:00:00,50338.70295289706
2022-04-25 12:00:00,50476.8439557573
2022-04-26 12:00:00,48801.95381363024
2022-04-27 12:00:00,48814.95157965738
2022-04-28 12:00:00,49384.149050480744
2022-04-29 12:00:00,48197.65734956326
2022-05-02 12:00:00,48283.86367591124
2022-05-03 12:00:00,48422.9349550936
2022-05-04 12:00:00,49513.93910454193
2022-05-05 12:00:00,48069.62740850815
2022-05-06 12:00:00,47824.25668710616
2022-05-09 12:00:00,45596.68165319084
2022-05-10 12:00:00,45598.82498486116
2022-05-11 12:00:00,44855.033478032565
2022-05-12 12:00:00,44752.50167402462
2022-05-13 12:00:00,45378.87018664554
2022-05-16 12:00:00,45296.87261327793
2022-05-17 12:00:00,46160.5283426446
2022-05-18 12:00:00,44071.975966011756
2022-05-19 12:00:00,43867.04944096404
2022-05-20 12:00:00,43895.324018570274
2022-05-23 12:00:00,44814.64772195509
2022-05-24 12:00:00,44460.5665819603
2022-05-25 12:00:00,45054.131333047844
2022-05-26 12:00:00,46102.44339747785
2022-05-27 12:00:00,46820.414795589604
2022-05-31 12:00:00,46810.42294251404
2022-06-01 12:00:00,46645.05351313163
2022-06-02 12:00:00,47261.876945795724
2022-06-03 12:00:00,46880.403120378585
2022-06-06 12:00:00,47053.81274520705
2022-06-07 12:00:00,47484.51318837979
2022-06-08 12:00:00,47092.44006336492
2022-06-09 12:00:00,45796.20843684609
2022-06-10 12:00:00,43617.33596955973
2022-06-13 12:00:00,43265.12498904322
2022-06-14 12:00:00,43229.72286983952
2022-06-15 12:00:00,43355.31093214679
2022-06-16 12:00:00,42761.39757339549
2022-06-17 12:00:00,42794.84557647971
2022-06-21 12:00:00,43320.382446167845
2022-06-22 12:00:00,43325.48601674478
2022-06-23 12:00:00,43571.99724158368
2022-06-24 12:00:00,44239.34240164157
2022-06-27 12:00:00,44252.83294615676
2022-06-28 12:00:00,43715.45864427491
2022-06-29 12:00:00,43739.37151123176
2022-06-30 12:00:00,43452.75891222246
2022-07-01 12:00:00,44082.463478426216
2022-07-05 12:00:00,44235.26140917148
2022-07-06 12:00:00,44481.58377045297
2022-07-07 12:00:00,45180.032799398876
2022-07-08 12:00:00,45343.008192284906
2022-07-11 12:00:00,44886.84496451169
2022-07-12 12:00:00,44364.21013031661
2022-07-13 12:00:00,44149.480254587135
2022-07-14 12:00:00,44065.3057460002
2022-07-15 12:00:00,45623.31005048021
2022-07-18 12:00:00,45187.22111469781
2022-07-19 12:00:00,46331.284240376495
2022-07-20 12:00:00,46634.46709948414
2022-07-21 12:00:00,47009.2657113625
2022-07-22 12:00:00,46900.40237343573
2022-07-25 12:00:00,47004.13686490123
2022-07-26 12:00:00,46581.3546683981
2022-07-27 12:00:00,47617.845826455916
2022-07-28 12:00:00,47998.03213672672
2022-07-29 12:00:00,48398.00580817051
2022-08-01 12:00:00,48317.69273175855
2022-08-02 12:00:00,48123.44119829769
2022-08-03 12:00:00,48684.42663619548
2022-08-04 12:00:00,48724.22129997064
2022-08-05 12:00:00,48715.950227136374
2022-08-08 12:00:00,48762.763770528225
2022-08-09 12:00:00,48573.48367389737
2022-08-10 12:00:00,49569.10700082552
2022-08-11 12:00:00,49581.94859517238
2022-08-12 12:00:00,50171.38510584709
2022-08-15 12:00:00,50301.2214503983
2022-08-16 12:00:00,50472.408291204425
2022-08-17 12:00:00,50281.38447634471
2022-08-18 12:00:00,50463.75675250066
2022-08-19 12:00:00,49866.46592859394
2022-08-22 12:00:00,48555.3279502175
2022-08-23 12:00:00,48378.70438227066
2022-08-24 12:00:00,48570.881180960074
2022-08-25 12:00:00,49341.183897323295
2022-08-26 12:00:00,46987.368723777094
2022-08-29 12:00:00,46762.31059431285
2022-08-30 12:00:00,46353.69943095703
2022-08-31 12:00:00,45988.763139379356
2022-09-01 12:00:00,46055.06432525403
2022-09-02 12:00:00,45776.245399802894
2022-09-06 12:00:00,45631.43173872703
2022-09-07 12:00:00,46384.55001332698
2022-09-08 12:00:00,46724.687516922655
2022-09-09 12:00:00,47371.19044385562
2022-09-12 12:00:00,47677.134762793314
2022-09-13 12:00:00,45754.456176222506
2022-09-14 12:00:00,46056.75144430334
2022-09-15 12:00:00,45235.8414303069
2022-09-16 12:00:00,44686.92085809648
2022-09-19 12:00:00,45437.28766740431
2022-09-20 12:00:00,44902.580535440764
2022-09-21 12:00:00,43933.47722517993
2022-09-22 12:00:00,43551.668219651125
2022-09-23 12:00:00,42699.303754010325
2022-09-26 12:00:00,42440.768534873525
2022-09-27 12:00:00,42375.5471488623
2022-09-28 12:00:00,42829.269623716944
2022-09-29 12:00:00,42164.581423398515
2022-09-30 12:00:00,41635.496236618055
2022-10-03 12:00:00,42464.268496623496
2022-10-04 12:00:00,43300.9031776613
2022-10-05 12:00:00,43297.43712952026
2022-10-06 12:00:00,42929.09370153773
2022-10-07 12:00:00,41698.70432146164
2022-10-10 12:00:00,41269.561938949744
2022-10-11 12:00:00,40949.9802962394
2022-10-12 12:00:00,40684.339157714334
2022-10-13 12:00:00,42042.5062807982
2022-10-14 12:00:00,40893.48989555301
2022-10-17 12:00:00,42638.97693012914
2022-10-18 12:00:00,43047.50811807756
2022-10-19 12:00:00,42862.01406966572
2022-10-20 12:00:00,42586.67795019969
2022-10-21 12:00:00,43565.67702648847
2022-10-24 12:00:00,43929.65043862932
2022-10-25 12:00:00,44339.985354984994
2022-10-26 12:00:00,44235.1060284891
2022-10-27 12:00:00,44102.54801213168
2022-10-28 12:00:00,44794.80565198191
2022-10-31 12:00:00,44643.98911358914
2022-11-01 12:00:00,44561.82742250597
2022-11-02 12:00:00,43535.968522049545
2022-11-03 12:00:00,43033.962207261415
2022-11-04 12:00:00,43839.131277532695
2022-11-07 12:00:00,44428.71529816944
2022-11-08 12:00:00,44713.16059063689
2022-11-09 12:00:00,43619.26277073636
2022-11-10 12:00:00,46291.50564075602
2022-11-11 12:00:00,46553.38131358885
2022-11-14 12:00:00,46460.91771091701
2022-11-15 12:00:00,46649.18973916554
2022-11-16 12:00:00,46532.78212868431
2022-11-17 12:00:00,46461.221023427555
2022-11-18 12:00:00,46769.36399064286
2022-11-21 12:00:00,46705.6136835248
2022-11-22 12:00:00,47347.090931578336
2022-11-23 12:00:00,47756.58090823391
2022-11-25 12:00:00,47850.064080822165
2022-11-28 12:00:00,47010.733473290136
2022-11-29 12:00:00,46951.6444272653
2022-11-30 12:00:00,48612.16806583872
2022-12-01 12:00:00,48653.999919584254
2022-12-02 12:00:00,48687.68009578032
2022-12-05 12:00:00,47659.7797621935
2022-12-06 12:00:00,46764.114156827796
2022-12-07 12:00:00,46646.26342460691
2022-12-08 12:00:00,47229.75414775661
2022-12-09 12:00:00,46661.38085769361
2022-12-12 12:00:00,47942.02420365563
2022-12-13 12:00:00,48612.7306180539
2022-12-14 12:00:00,48476.827977325884
2022-12-15 12:00:00,46042.2487612284
2022-12-16 12:00:00,45091.0181296932
2022-12-19 12:00:00,44192.88933007573
2022-12-20 12:00:00,44274.885663858295
2022-12-21 12:00:00,45172.34618627795
2022-12-22 12:00:00,44221.95226539846
2022-12-23 12:00:00,44781.21436903384
2022-12-27 12:00:00,44613.401954930276
2022-12-28 12:00:00,43891.883343326364
2022-12-29 12:00:00,45020.80979789983
2022-12-30 12:00:00,44885.49260359671
2023-01-03 12:00:00,44748.215701957
2023-01-04 12:00:00,45297.5416338729
2023-01-05 12:00:00,44579.37959178854
2023-01-06 12:00:00,46255.80521140844
2023-01-09 12:00:00,46377.45034859888
2023-01-10 12:00:00,46739.51814463784
2023-01-11 12:00:00,47083.23548511532
2023-01-12 12:00:00,47395.40890554202
2023-01-13 12:00:00,47614.67252625682
2023-01-17 12:00:00,47608.25972644365
2023-01-18 12:00:00,47000.75740917379
2023-01-19 12:00:00,46636.96854026211
2023-01-20 12:00:00,47681.16912144527
2023-01-23 12:00:00,48183.651437093766
2023-01-24 12:00:00,48163.045756811945
2023-01-25 12:00:00,48231.37599114355
2023-01-26 12:00:00,48835.17528522754
2023-01-27 12:00:00,49040.416440251516
2023-01-30 12:00:00,48493.30311388851
2023-01-31 12:00:00,49196.68076813989
2023-02-01 12:00:00,49670.8729215349
2023-02-02 12:00:00,50019.1678504046
2023-02-03 12:00:00,49815.73072330485
2023-02-06 12:00:00,49531.18947516012
2023-02-07 12:00:00,50242.90471223707
2023-02-08 12:00:00,49700.497776707605
2023-02-09 12:00:00,49136.930615674064
2023-02-10 12:00:00,49472.399927786406
2023-02-13 12:00:00,50286.336260549346
2023-02-14 12:00:00,50669.57629364164
2023-02-15 12:00:00,51217.04509682933
2023-02-16 12:00:00,49940.33803995125
2023-02-17 12:00:00,49924.94711790359
2023-02-21 12:00:00,47043.3184809846
2023-02-22 12:00:00,46882.34219414581
2023-02-23 12:00:00,47324.37810865254
2023-02-24 12:00:00,46314.00610680092
2023-02-27 12:00:00,46630.78271934803
2023-02-28 12:00:00,46441.44182367742
2023-03-01 12:00:00,46146.50678804616
2023-03-02 12:00:00,46570.50860113185
2023-03-03 12:00:00,47308.28454801449
2023-03-06 12:00:00,47369.047730021266
2023-03-07 12:00:00,46502.30476390914
2023-03-08 12:00:00,46704.718817530375
2023-03-09 12:00:00,44961.919853472325
2023-03-10 12:00:00,43586.56704196357
2023-03-13 12:00:00,43376.89142342488
2023-03-14 12:00:00,44232.09683137221
2023-03-15 12:00:00,43802.65852583721
2023-03-16 12:00:00,45119.04493868005
2023-03-17 12:00:00,44215.70793811939
2023-03-20 12:00:00,45347.456039969926
2023-03-21 12:00:00,46088.06009651729
2023-03-22 12:00:00,45266.49918510346
2023-03-23 12:00:00,45508.33445462532
2023-03-24 12:00:00,46145.64669650671
2023-03-27 12:00:00,46640.82061775561
2023-03-28 12:00:00,46663.64948360168
2023-03-29 12:00:00,47358.87238174307
2023-03-30 12:00:00,47614.01818604843
2023-03-31 12:00:00,48124.734990606754
2023-04-03 12:00:00,48270.470028995216
2023-04-04 12:00:00,48134.44373670846
2023-04-05 12:00:00,48087.36858888739
2023-04-06 12:00:00,48351.42740230897
2023-04-10 12:00:00,48497.62482762776
2023-04-11 12:00:00,48553.61807942166
2023-04-12 12:00:00,48441.90339766277
2023-04-13 12:00:00,49232.09454440733
2023-04-14 12:00:00,49277.64223834168
2023-04-17 12:00:00,49559.64556707512
2023-04-18 12:00:00,49758.1028790455
2023-04-19 12:00:00,49843.31153158395
2023-04-20 12:00:00,49472.10968402287
2023-04-21 12:00:00,49649.67391881006
2023-04-24 12:00:00,49793.07453783529
2023-04-25 12:00:00,48161.96787806146
2023-04-26 12:00:00,47755.28261909081
2023-04-27 12:00:00,50055.94515303208
2023-04-28 12:00:00,50892.90706212216
2023-05-01 12:00:00,50960.11425952957
2023-05-02 12:00:00,49846.58770938573
2023-05-03 12:00:00,49279.96581775442
2023-05-04 12:00:00,48434.01631439451
2023-05-05 12:00:00,51269.203865714255
2023-05-08 12:00:00,51669.195546589035
2023-05-09 12:00:00,51319.94017221316
2023-05-10 12:00:00,51884.32467198651
2023-05-11 12:00:00,51836.36824666348
2023-05-12 12:00:00,52053.522053483524
2023-05-15 12:00:00,52538.85500892988
2023-05-16 12:00:00,51967.82023804204
2023-05-17 12:00:00,53026.976055433974
2023-05-18 12:00:00,53738.97994288753
2023-05-19 12:00:00,53952.024322333076
2023-05-22 12:00:00,54130.14796300337
2023-05-23 12:00:00,53275.10131691917
2023-05-24 12:00:00,52519.02930798524
2023-05-25 12:00:00,53500.18120143123
2023-05-26 12:00:00,54329.05179306882
2023-05-30 12:00:00,54785.26964159589
2023-05-31 12:00:00,54480.70317410072
2023-06-01 12:00:00,55307.48761059632
2023-06-02 12:00:00,56310.58384346042
2023-06-05 12:00:00,56365.79788598171
2023-06-06 12:00:00,56473.49989072955
2023-06-07 12:00:00,56501.76002772921
2023-06-08 12:00:00,56801.93463592435
2023-06-09 12:00:00,56914.28867009032
2023-06-12 12:00:00,57267.69266623646
2023-06-13 12:00:00,57580.698458306986
2023-06-14 12:00:00,57757.97580012726
2023-06-15 12:00:00,58049.06166528104
2023-06-16 12:00:00,58125.267598913575
2023-06-20 12:00:00,57962.56039947807
2023-06-21 12:00:00,57780.01125922895
2023-06-22 12:00:00,58114.75894836694
2023-06-23 12:00:00,57505.4202020964
2023-06-26 12:00:00,57205.0265137431
2023-06-27 12:00:00,58480.54281689026
2023-06-28 12:00:00,58643.71708541969
2023-06-29 12:00:00,59078.712418611074
2023-06-30 12:00:00,59653.96599909966
2023-07-03 12:00:00,59848.63495037044
2023-07-05 12:00:00,59949.771471984364
2023-07-06 12:00:00,59514.66695197785
2023-07-07 12:00:00,59700.76538545007
2023-07-10 12:00:00,59960.851804610575
2023-07-11 12:00:00,60459.79058723041
2023-07-12 12:00:00,61176.61094826105
2023-07-13 12:00:00,61443.151610174304
2023-07-14 12:00:00,61597.33578756059
2023-07-17 12:00:00,61770.72312196647
2023-07-18 12:00:00,62035.15151275386
2023-07-19 12:00:00,62106.95492525038
2023-07-20 12:00:00,61862.98415376502
2023-07-21 12:00:00,62001.848329522414
2023-07-24 12:00:00,62329.35637620906
2023-07-25 12:00:00,62523.517887004884
2023-07-26 12:00:00,62730.9457819722
2023-07-27 12:00:00,62121.87685533438
2023-07-28 12:00:00,63100.199011268065
2023-07-31 12:00:00,63436.824573703605
2023-08-01 12:00:00,63243.485080289654
2023-08-02 12:00:00,61483.2806058407
2023-08-03 12:00:00,61186.17890582804
2023-08-04 12:00:00,60431.15217399338
2023-08-07 12:00:00,62283.19682491137
2023-08-08 12:00:00,61889.73665773461
2023-08-09 12:00:00,61068.607282182435
2023-08-10 12:00:00,61134.93332973469
2023-08-11 12:00:00,61150.16934516054
2023-08-14 12:00:00,61999.97886191
2023-08-15 12:00:00,60911.26226928242
2023-08-16 12:00:00,60207.43625894611
2023-08-17 12:00:00,59213.55929979918
2023-08-18 12:00:00,59255.56542310715
2023-08-21 12:00:00,59880.611610868305
2023-08-22 12:00:00,59713.65268698812
2023-08-23 12:00:00,60794.13080978932
2023-08-24 12:00:00,59378.447335903795
2023-08-25 12:00:00,60492.69148494277
2023-08-28 12:00:00,61638.12653583661
2023-08-29 12:00:00,62408.64876898713
2023-08-30 12:00:00,62629.125610774994
2023-08-31 12:00:00,62649.801006996684
2023-09-01 12:00:00,62816.902805038815
2023-09-05 12:00:00,62675.34058478847
2023-09-06 12:00:00,62299.7459697279
2023-09-07 12:00:00,62109.94245148139
2023-09-08 12:00:00,62408.19889140723
2023-09-11 12:00:00,63063.73749531008
2023-09-12 12:00:00,62507.874097696826
2023-09-13 12:00:00,62893.17258567858
2023-09-14 12:00:00,63969.96955368083
2023-09-15 12:00:00,62443.11450958857
2023-09-18 12:00:00,62751.72806658523
2023-09-19 12:00:00,62539.19938667782
2023-09-20 12:00:00,61356.973535645724
2023-09-21 12:00:00,59152.37578952077
2023-09-22 12:00:00,59024.01940750392
2023-09-25 12:00:00,59131.14179304836
2023-09-26 12:00:00,58620.08143034583
2023-09-27 12:00:00,58651.96270291798
2023-09-28 12:00:00,58914.34988705619
2023-09-29 12:00:00,58834.391453072254
2023-10-02 12:00:00,58880.748716783535
2023-10-03 12:00:00,57927.7212555976
2023-10-04 12:00:00,58545.272855042334
2023-10-05 12:00:00,58552.09364734127
2023-10-06 12:00:00,59758.2343030567
2023-10-09 12:00:00,60330.95613859393
2023-10-10 12:00:00,60729.364588407916
2023-10-11 12:00:00,61104.06768966437
2023-10-12 12:00:00,60846.15958634429
2023-10-13 12:00:00,60380.38238791775
2023-10-16 12:00:00,61274.52392881323
2023-10-17 12:00:00,61416.09480657877
2023-10-18 12:00:00,60555.90205431043
2023-10-19 12:00:00,59839.68718578864
2023-10-20 12:00:00,58744.85648499115
2023-10-23 12:00:00,58575.92563416151
2023-10-24 12:00:00,58955.95067045532
2023-10-25 12:00:00,58063.61828405113
2023-10-26 12:00:00,57514.68460030848
2023-10-27 12:00:00,57298.78100643572
2023-10-30 12:00:00,57812.75165121976
2023-10-31 12:00:00,58193.38019864372
2023-11-01 12:00:00,58828.03465337076
2023-11-02 12:00:00,59537.279288562306
2023-11-03 12:00:00,59752.75084920277
2023-11-06 12:00:00,59811.08440022307
2023-11-07 12:00:00,59888.52667272239
2023-11-08 12:00:00,59945.88690302239
2023-11-09 12:00:00,59625.72986871831
2023-11-10 12:00:00,60372.71053828002
2023-11-13 12:00:00,60369.9775931061
2023-11-14 12:00:00,61029.83861866145
2023-11-15 12:00:00,61120.32896150969
2023-11-16 12:00:00,61163.40818933991
2023-11-17 12:00:00,61315.043306126725
2023-11-20 12:00:00,61676.99738028759
2023-11-21 12:00:00,61616.9903719782
2023-11-22 12:00:00,61913.34572687288
2023-11-24 12:00:00,62123.135457120195
2023-11-27 12:00:00,62054.831949527696
2023-11-28 12:00:00,62135.43131744221
2023-11-29 12:00:00,62091.50813573331
2023-11-30 12:00:00,62371.98130414766
2023-12-01 12:00:00,62790.52147215381
2023-12-04 12:00:00,62443.44727487888
2023-12-05 12:00:00,62529.70022964763
2023-12-06 12:00:00,62175.66091201038
2023-12-07 12:00:00,63008.143421328365
2023-12-08 12:00:00,63544.105133565754
2023-12-11 12:00:00,63898.07441235939
2023-12-12 12:00:00,64339.66521745143
2023-12-13 12:00:00,64905.72170843423
2023-12-14 12:00:00,64978.68890983699
2023-12-15 12:00:00,65172.95365567031
2023-12-18 12:00:00,65399.92991537618
2023-12-19 12:00:00,65635.92626566748
2023-12-20 12:00:00,64948.26234513332
2023-12-21 12:00:00,65480.196866292215
2023-12-22 12:00:00,65809.43300835506
2023-12-26 12:00:00,66166.93479698466
2023-12-27 12:00:00,66393.06463043485
2023-12-28 12:00:00,66449.02347565035
2023-12-29 12:00:00,66400.12431958967
2024-01-02 12:00:00,66012.49917823635
2024-01-03 12:00:00,65055.37896578433
2024-01-04 12:00:00,64655.966599846404
2024-01-05 12:00:00,65125.778053851216
2024-01-08 12:00:00,66695.07382731946
2024-01-09 12:00:00,66932.28483809819
2024-01-10 12:00:00,67817.75548771306
2024-01-11 12:00:00,67915.2241291742
2024-01-12 12:00:00,68375.03810054195
2024-01-16 12:00:00,68162.29500819382
2024-01-17 12:00:00,67729.97726543911
2024-01-18 12:00:00,68522.19930239196
2024-01-19 12:00:00,69600.5304084548
2024-01-22 12:00:00,69742.68900650079
2024-01-23 12:00:00,69963.76759267104
2024-01-24 12:00:00,69958.81287904378
2024-01-25 12:00:00,70160.63275245152
2024-01-26 12:00:00,70224.88124617387
2024-01-29 12:00:00,70576.63133182848
2024-01-30 12:00:00,70597.32474027807
2024-01-31 12:00:00,69415.27512179237
2024-02-01 12:00:00,70579.22550386115
2024-02-02 12:00:00,71243.46057326448
2024-02-05 12:00:00,71183.11726274586
2024-02-06 12:00:00,71522.41448678565
2024-02-07 12:00:00,71927.52599335863
2024-02-08 12:00:00,72004.66935897263
2024-02-09 12:00:00,72388.30750494459
2024-02-12 12:00:00,72406.61246322424
2024-02-13 12:00:00,71424.62119593521
2024-02-14 12:00:00,72340.4580848914
2024-02-15 12:00:00,72848.76366281282
2024-02-16 12:00:00,72573.54201765903
2024-02-20 12:00:00,72065.68704318031
2024-02-21 12:00:00,72256.92810788649
2024-02-22 12:00:00,73630.38882570888
2024-02-23 12:00:00,73794.66981784126
2024-02-26 12:00:00,73762.76526450139
2024-02-27 12:00:00,73953.23844597428
2024-02-28 12:00:00,73857.22310218978
2024-02-29 12:00:00,74181.19985958442
2024-03-01 12:00:00,75266.98076231143
2024-03-04 12:00:00,75233.08548949272
2024-03-05 12:00:00,74454.5510189106
2024-03-06 12:00:00,74965.74617339403
2024-03-07 12:00:00,75737.01424481475
2024-03-08 12:00:00,75347.72273260477
2024-03-11 12:00:00,75273.52768985627
2024-03-12 12:00:00,76465.95757564562
2024-03-13 12:00:00,76488.39743625306
2024-03-14 12:00:00,76315.02345697279
2024-03-15 12:00:00,75811.39098856566
2024-03-18 12:00:00,76465.10130951917
2024-03-19 12:00:00,77075.43107243793
2024-03-20 12:00:00,77660.27338588392
2024-03-21 12:00:00,77893.75919491574
2024-03-22 12:00:00,78128.54932215347
2024-03-25 12:00:00,78066.8208869703
2024-03-26 12:00:00,78136.56802085065
2024-03-27 12:00:00,78838.82495328726
2024-03-28 12:00:00,78859.95731238488
2024-04-01 12:00:00,78811.89550083963
2024-04-02 12:00:00,78134.80481752381
2024-04-03 12:00:00,78389.99573164733
2024-04-04 12:00:00,76647.18753354679
2024-04-05 12:00:00,78210.55459077287
2024-04-08 12:00:00,78768.74420819734
2024-04-09 12:00:00,78933.21434034867
2024-04-10 12:00:00,77694.81989921597
2024-04-11 12:00:00,78901.80746190643
2024-04-12 12:00:00,76598.8885799731
2024-04-15 12:00:00,74688.26905840306
2024-04-16 12:00:00,74644.26016087292
2024-04-17 12:00:00,74336.83500433114
2024-04-18 12:00:00,74277.0746245844
2024-04-19 12:00:00,73874.62300192026
2024-04-22 12:00:00,74310.35766512813
2024-04-23 12:00:00,74870.5433236275
2024-04-24 12:00:00,74868.77738065104
2024-04-25 12:00:00,74749.04678682555
2024-04-26 12:00:00,75392.77572159388
2024-04-29 12:00:00,75683.69244320208
2024-04-30 12:00:00,74653.15796317725
2024-05-01 12:00:00,74468.45310341046
2024-05-02 12:00:00,75424.40877926914
2024-05-03 12:00:00,76389.78315970433
2024-05-06 12:00:00,76737.5877175586
2024-05-07 12:00:00,76808.89958788495
2024-05-08 12:00:00,76848.0676230888
2024-05-09 12:00:00,77205.3179941336
2024-05-10 12:00:00,77513.35011672098
2024-05-13 12:00:00,77475.41966941635
2024-05-14 12:00:00,77759.55799519975
2024-05-15 12:00:00,78422.17832744337
2024-05-16 12:00:00,78401.58250301145
2024-05-17 12:00:00,78715.98169345118
2024-05-20 12:00:00,78803.45586542372
2024-05-21 12:00:00,78986.75604700204
2024-05-22 12:00:00,78784.64567254036
2024-05-23 12:00:00,78267.68061095296
2024-05-24 12:00:00,79062.73795021302
2024-05-28 12:00:00,79094.40730197355
2024-05-29 12:00:00,78202.78303977457
2024-05-30 12:00:00,77384.48886446975
2024-05-31 12:00:00,78947.45166287359
2024-06-03 12:00:00,79093.3132269322
2024-06-04 12:00:00,79226.38697660176
2024-06-05 12:00:00,80402.56158817816
2024-06-06 12:00:00,80533.8218623611
2024-06-07 12:00:00,80663.1162825923
2024-06-10 12:00:00,80957.49456759816
2024-06-11 12:00:00,81260.19301703887
2024-06-12 12:00:00,81713.9157656838
2024-06-13 12:00:00,81828.6952377313
2024-06-14 12:00:00,81880.08245134013
2024-06-17 12:00:00,82291.51916402509
2024-06-18 12:00:00,82471.47143139958
2024-06-20 12:00:00,82400.35053203654
2024-06-21 12:00:00,82596.5141321554
2024-06-24 12:00:00,82441.36413396435
2024-06-25 12:00:00,82876.78810670684
2024-06-26 12:00:00,83085.30506698703
2024-06-27 12:00:00,83251.68361689587
2024-06-28 12:00:00,82969.10042534574
2024-07-01 12:00:00,83328.76284994354
2024-07-02 12:00:00,84150.99215899999
2024-07-03 12:00:00,84440.36489270572
2024-07-05 12:00:00,84872.17592120034
2024-07-08 12:00:00,84988.77151011187
2024-07-09 12:00:00,85043.65091758827
2024-07-10 12:00:00,85391.92165026319
2024-07-11 12:00:00,85091.83787567815
2024-07-12 12:00:00,85833.00824737822
2024-07-15 12:00:00,85967.18046279941
2024-07-16 12:00:00,86278.78890986723
2024-07-17 12:00:00,85264.08887476972
2024-07-18 12:00:00,84457.16770071964
2024-07-19 12:00:00,83659.54092422209
2024-07-22 12:00:00,84711.90987567027
2024-07-23 12:00:00,84641.21832315743
2024-07-24 12:00:00,82274.01918636818
2024-07-25 12:00:00,82017.48389734072
2024-07-26 12:00:00,82389.06033275282
2024-07-29 12:00:00,82437.54597180535
2024-07-30 12:00:00,82152.1665777805
2024-07-31 12:00:00,83108.39654208944
2024-08-01 12:00:00,82130.64619765364
2024-08-02 12:00:00,80684.58746511149
2024-08-05 12:00:00,79581.05236806438
2024-08-06 12:00:00,79500.26176892142
2024-08-07 12:00:00,79314.60406342379
2024-08-08 12:00:00,79781.36072451039
2024-08-09 12:00:00,79998.26550837603
2024-08-12 12:00:00,80025.30413437687
2024-08-13 12:00:00,80623.22546773107
2024-08-14 12:00:00,80817.59201032639
2024-08-15 12:00:00,81144.4231931764
2024-08-16 12:00:00,81222.70220821176
2024-08-19 12:00:00,81453.02595569109
2024-08-20 12:00:00,81360.06386854016
2024-08-21 12:00:00,81481.82989948246
2024-08-22 12:00:00,81119.3777498047
2024-08-23 12:00:00,81818.51430268193
2024-08-26 12:00:00,81753.34262468002
2024-08-27 12:00:00,81945.70901405666
2024-08-28 12:00:00,81369.81100211458
2024-08-29 12:00:00,81690.99322461893
2024-08-30 12:00:00,82612.77860654809
2024-09-03 12:00:00,80272.71656361193
2024-09-04 12:00:00,80075.96221284274
2024-09-05 12:00:00,79774.8134293794
2024-09-06 12:00:00,77661.43382777896
2024-09-09 12:00:00,78033.15923303741
2024-09-10 12:00:00,78198.99503457875
2024-09-11 12:00:00,78666.92285165787
2024-09-12 12:00:00,79041.6262950711
2024-09-13 12:00:00,79292.99328911712
2024-09-16 12:00:00,79378.22824234993
2024-09-17 12:00:00,79374.3720739116
2024-09-18 12:00:00,79269.29189598502
2024-09-19 12:00:00,80217.98242916574
2024-09-20 12:00:00,80256.77727673441
2024-09-23 12:00:00,80428.52353273943
2024-09-24 12:00:00,80663.80500939078
2024-09-25 12:00:00,80590.65677732238
2024-09-26 12:00:00,80817.41381034619
2024-09-27 12:00:00,80648.69366276066
2024-09-30 12:00:00,81010.99778345204
2024-10-01 12:00:00,80171.52536320992
2024-10-02 12:00:00,80320.18064429541
2024-10-03 12:00:00,80073.35608292726
2024-10-04 12:00:00,81363.67028980263
2024-10-07 12:00:00,80419.48835578962
2024-10-08 12:00:00,81459.89838280668
2024-10-09 12:00:00,82243.1526895542
2024-10-10 12:00:00,82317.9469424251
2024-10-11 12:00:00,82920.20874372887
2024-10-14 12:00:00,83500.99686334771
2024-10-15 12:00:00,83195.33720843162
2024-10-16 12:00:00,83542.66489949354
2024-10-17 12:00:00,83634.36071406148
2024-10-18 12:00:00,84141.27097807589
2024-10-21 12:00:00,84104.57713953237
2024-10-22 12:00:00,84129.84245078184
2024-10-23 12:00:00,83281.72878160464
2024-10-24 12:00:00,83545.67591204075
2024-10-25 12:00:00,83425.4443691945
2024-10-28 12:00:00,83857.08049893987
2024-10-29 12:00:00,84011.59602472596
2024-10-30 12:00:00,83666.49364078083
2024-10-31 12:00:00,81625.08136236243
2024-11-01 12:00:00,81991.56734212604
2024-11-04 12:00:00,81691.36544153717
2024-11-05 12:00:00,82686.01918912635
2024-11-06 12:00:00,85136.44461012192
2024-11-07 12:00:00,85509.61570328107
2024-11-08 12:00:00,85605.44707043565
2024-11-11 12:00:00,85650.52448602158
2024-11-12 12:00:00,85570.82597507647
2024-11-13 12:00:00,85670.33552129878
2024-11-14 12:00:00,85294.02417877017
2024-11-15 12:00:00,84280.28525137086
2024-11-18 12:00:00,84626.98393752918
2024-11-19 12:00:00,84928.86789924945
2024-11-20 12:00:00,84933.1402480033
2024-11-21 12:00:00,85571.34457586156
2024-11-22 12:00:00,86224.39858783185
2024-11-25 12:00:00,86673.26173215831
2024-11-26 12:00:00,87207.34739903893
2024-11-27 12:00:00,87182.87734183177
2024-11-29 12:00:00,87829.42253356284
2024-12-02 12:00:00,87970.90445167522
2024-12-03 12:00:00,88112.712870057
2024-12-04 12:00:00,88433.36679582679
2024-12-05 12:00:00,88432.45728912126
2024-12-06 12:00:00,88800.0585235809
2024-12-09 12:00:00,88332.5505144666
2024-12-10 12:00:00,88074.86712289992
2024-12-11 12:00:00,88996.15391180853
2024-12-12 12:00:00,88569.58449182782
2024-12-13 12:00:00,88744.63520239946
2024-12-16 12:00:00,89266.64283176363
2024-12-17 12:00:00,88680.81295809706
2024-12-18 12:00:00,85036.80901681003
2024-12-19 12:00:00,84496.24183938996
2024-12-20 12:00:00,84749.8219096075
2024-12-23 12:00:00,84973.89188830889
2024-12-24 12:00:00,85421.73022815064
2024-12-26 12:00:00,85437.96595965789
2024-12-27 12:00:00,84931.29890175353
2024-12-30 12:00:00,84203.02719434584
2024-12-31 12:00:00,83943.03658455424
2025-01-02 12:00:00,83843.56933106406
2025-01-03 12:00:00,84718.81851415097
2025-01-06 12:00:00,85069.11566889822
2025-01-07 12:00:00,84294.2049533772
2025-01-08 12:00:00,84444.46025574213
2025-01-10 12:00:00,82947.92115051614
2025-01-13 12:00:00,83086.27032620483
2025-01-14 12:00:00,83251.71498132087
2025-01-15 12:00:00,85169.4243895142
2025-01-16 12:00:00,85020.94655481397
2025-01-17 12:00:00,85723.67795225367
2025-01-21 12:00:00,86208.46274938906
2025-01-22 12:00:00,86465.05309702962
2025-01-23 12:00:00,86631.91098572715
2025-01-24 12:00:00,86659.30436733307
2025-01-27 12:00:00,85970.14277523954
2025-01-28 12:00:00,86488.12108287198
2025-01-29 12:00:00,86237.82031841038
2025-01-30 12:00:00,86742.38150670574
2025-01-31 12:00:00,86276.46654080931
2025-02-03 12:00:00,85556.99038835865
2025-02-04 12:00:00,86358.04280347706
2025-02-05 12:00:00,87073.80038268934
2025-02-06 12:00:00,87641.80907904482
2025-02-07 12:00:00,86393.77326264561
2025-02-10 12:00:00,87880.17007191095
2025-02-11 12:00:00,88019.73784879514
2025-02-12 12:00:00,87826.01165551352
2025-02-13 12:00:00,89016.54819590022
2025-02-14 12:00:00,89311.9415084006
2025-02-18 12:00:00,89637.01329756482
2025-02-19 12:00:00,89827.13305694904
2025-02-20 12:00:00,89588.00923638127
2025-02-21 12:00:00,87955.41506658756
2025-02-24 12:00:00,87400.94071063036
2025-02-25 12:00:00,87003.59876356399
2025-02-26 12:00:00,87046.5429829261
2025-02-27 12:00:00,85780.29325630533
2025-02-28 12:00:00,86386.83709593289
2025-03-03 12:00:00,85520.34515255067
2025-03-04 12:00:00,85063.44857233742
2025-03-05 12:00:00,85453.48075454234
2025-03-06 12:00:00,84500.2230406155
2025-03-07 12:00:00,84701.98572052617
2025-03-10 12:00:00,83744.81943133229
2025-03-11 12:00:00,83327.59640464105
2025-03-12 12:00:00,83426.4420325133
2025-03-13 12:00:00,82772.84489869617
2025-03-14 12:00:00,83292.94439452936
2025-03-17 12:00:00,83548.10100020599
2025-03-18 12:00:00,83181.47570123535
2025-03-19 12:00:00,83719.60424894039
2025-03-20 12:00:00,83651.3486677719
2025-03-21 12:00:00,83762.26682310313
2025-03-24 12:00:00,84651.79481313075
2025-03-25 12:00:00,84840.35954985034
2025-03-26 12:00:00,84282.65627357803
2025-03-27 12:00:00,84155.59966594994
2025-03-28 12:00:00,82717.0991544206
2025-03-31 12:00:00,83139.67780070193
2025-04-01 12:00:00,83399.0908885866
2025-04-02 12:00:00,83941.60066938118
2025-04-03 12:00:00,79241.45049565463
2025-04-04 12:00:00,78652.23078273193
2025-04-07 12:00:00,78616.48883370447
2025-04-08 12:00:00,78329.95044962925
2025-04-09 12:00:00,79049.7766948347
2025-04-10 12:00:00,78465.22349093496
2025-04-11 12:00:00,78484.13378413956
2025-04-14 12:00:00,78628.71568787924
2025-04-15 12:00:00,78609.11463532911
2025-04-16 12:00:00,78066.76805517942
2025-04-17 12:00:00,78138.7837189186
2025-04-21 12:00:00,77243.44431278823
2025-04-22 12:00:00,78057.41128373437
2025-04-23 12:00:00,78675.74105677675
2025-04-24 12:00:00,79375.7014213225
2025-04-25 12:00:00,79687.36294089173
2025-04-28 12:00:00,79725.68449094269
2025-04-29 12:00:00,79949.75740895147
2025-04-30 12:00:00,79977.26113539218
2025-05-01 12:00:00,80209.63333231551
2025-05-02 12:00:00,80718.13813045729
2025-05-05 12:00:00,80593.08466128918
2025-05-06 12:00:00,80237.73120145817
2025-05-07 12:00:00,80540.21070201616
2025-05-08 12:00:00,80946.967702455
2025-05-09 12:00:00,81002.98668663262
2025-05-12 12:00:00,82173.49734983151
2025-05-13 12:00:00,82276.35212067768
2025-05-14 12:00:00,82289.98428240739
2025-05-15 12:00:00,82500.90091123543
2025-05-16 12:00:00,82923.17485622247
2025-05-19 12:00:00,82940.01324869043
2025-05-20 12:00:00,82844.42288577664
2025-05-21 12:00:00,81821.37037177043
2025-05-22 12:00:00,81884.35417469504
2025-05-23 12:00:00,81333.94353110497
2025-05-27 12:00:00,83050.40080929335
2025-05-28 12:00:00,82669.7018370057
2025-05-29 12:00:00,83099.9393442318
2025-05-30 12:00:00,83211.91107424485
2025-06-02 12:00:00,83776.26423022314
2025-06-03 12:00:00,84259.76841832692
2025-06-04 12:00:00,84333.36769290149
2025-06-05 12:00:00,83962.6057026134
2025-06-06 12:00:00,85243.23702968133
2025-06-09 12:00:00,85369.39672719652
2025-06-10 12:00:00,85716.07814565478
2025-06-11 12:00:00,85602.05300718785
2025-06-12 12:00:00,85788.27617278646
2025-06-13 12:00:00,84873.66370235878
2025-06-16 12:00:00,85855.20258055892
2025-06-17 12:00:00,84913.18109229181
2025-06-18 12:00:00,85165.60205258537
2025-06-20 12:00:00,85140.70961158129
2025-06-23 12:00:00,86241.90785106612
2025-06-24 12:00:00,87269.49585961088
2025-06-25 12:00:00,87837.27574555788
2025-06-26 12:00:00,88140.74851914751
2025-06-27 12:00:00,88543.55693356213
2025-06-30 12:00:00,88789.39587218969
2025-07-01 12:00:00,88803.27122320252
2025-07-02 12:00:00,89044.94130483648
2025-07-03 12:00:00,89393.99528525912
2025-07-07 12:00:00,89149.48787014268
2025-07-08 12:00:00,89280.1562780629
2025-07-09 12:00:00,89753.47812192948
2025-07-10 12:00:00,89954.70785257051
2025-07-11 12:00:00,89728.83430484796
2025-07-14 12:00:00,89944.00107374176
2025-07-15 12:00:00,89609.9342953047
2025-07-16 12:00:00,90102.27862751478
2025-07-17 12:00:00,90738.06700051887
2025-07-18 12:00:00,90864.59773004841
2025-07-21 12:00:00,91057.72151960392
2025-07-22 12:00:00,91145.4670351999
2025-07-23 12:00:00,91976.87638396598
2025-07-24 12:00:00,92043.32189139526
2025-07-25 12:00:00,92540.2542286898
2025-07-28 12:00:00,92649.77515138191
2025-07-29 12:00:00,92427.55147959702
2025-07-30 12:00:00,92490.95647363912
2025-07-31 12:00:00,92047.21610625251
2025-08-01 12:00:00,90129.61898842527
2025-08-04 12:00:00,92041.32510525509
2025-08-05 12:00:00,91561.41131866127
2025-08-06 12:00:00,92603.54788839634
2025-08-07 12:00:00,92629.76030809604
2025-08-08 12:00:00,93813.5102595916
2025-08-11 12:00:00,93588.58546168686
2025-08-12 12:00:00,94683.51115459189
2025-08-13 12:00:00,94982.70375587445
2025-08-14 12:00:00,94979.21549012736
2025-08-15 12:00:00,94875.99677579966
2025-08-18 12:00:00,94971.0802901035
2025-08-19 12:00:00,94517.47715592326
2025-08-20 12:00:00,94279.87016035788
2025-08-21 12:00:00,93800.12145852862
2025-08-22 12:00:00,95523.39185834536
2025-08-25 12:00:00,95404.9843874914
2025-08-26 12:00:00,95929.06092965748
2025-08-27 12:00:00,96172.18078281003
2025-08-28 12:00:00,96791.82793276416
2025-08-29 12:00:00,96424.02270155968
2025-09-02 12:00:00,95528.71785672894
2025-09-03 12:00:00,96294.11546228637
2025-09-04 12:00:00,97296.88148670873
2025-09-05 12:00:00,97201.54940069778
2025-09-08 12:00:00,97526.75962613212
2025-09-09 12:00:00,97838.3880441752
2025-09-10 12:00:00,98068.09458225261
2025-09-11 12:00:00,98716.60469091061
2025-09-12 12:00:00,98840.11533759633
2025-09-15 12:00:00,99076.16900050725
2025-09-16 12:00:00,99109.89360791375
2025-09-17 12:00:00,99187.57386555112
2025-09-18 12:00:00,99568.94851518967
2025-09-19 12:00:00,100100.79771108148
2025-09-22 12:00:00,100355.6277836416
2025-09-23 12:00:00,100050.27989173197
2025-09-24 12:00:00,99974.91659293362
2025-09-25 12:00:00,99510.37403444381
2025-09-26 12:00:00,100419.23304467837
2025-09-29 12:00:00,100750.05795233138
2025-09-30 12:00:00,101112.54183443479
2025-10-01 12:00:00,101524.12776771511
2025-10-02 12:00:00,101641.4528359815
2025-10-03 12:00:00,101740.23416343005
2025-10-06 12:00:00,102218.80084398505
2025-10-07 12:00:00,101859.11116118057
2025-10-08 12:00:00,102677.86971186107
2025-10-09 12:00:00,102474.33020670462
2025-10-10 12:00:00,99749.09477584876
2025-10-13 12:00:00,101039.60690565986
2025-10-14 12:00:00,100860.31571898589
2025-10-15 12:00:00,101344.8594530597
2025-10-16 12:00:00,100460.37391956124
2025-10-17 12:00:00,101382.56818318216
2025-10-20 12:00:00,102965.32442538827
2025-10-21 12:00:00,103060.5499300712
2025-10-22 12:00:00,102592.87943889681
2025-10-23 12:00:00,103338.91403010237
2025-10-24 12:00:00,104398.81643274514
2025-10-27 12:00:00,104924.81550344062
2025-10-28 12:00:00,105105.89203863291
2025-10-29 12:00:00,105182.67893247848
2025-10-30 12:00:00,104681.74059437268
2025-10-31 12:00:00,104942.77980930763
2025-11-03 12:00:00,105249.0838261073
2025-11-04 12:00:00,104100.19748105359
2025-11-05 12:00:00,104616.59377268891
2025-11-06 12:00:00,103275.80367600781
2025-11-07 12:00:00,103534.47465166546
2025-11-10 12:00:00,105225.89513292818
2025-11-11 12:00:00,105519.97274182166
2025-11-12 12:00:00,105755.19765454909
2025-11-13 12:00:00,103839.13827740995
2025-11-14 12:00:00,104048.19757349775
2025-11-17 12:00:00,102630.64008804818
2025-11-18 12:00:00,101814.74624385656
2025-11-19 12:00:00,102033.41938147382
2025-11-20 12:00:00,101016.2222978856
2025-11-21 12:00:00,101397.56486695464
2025-11-24 12:00:00,102304.94546530917
2025-11-25 12:00:00,102993.45596228557
2025-11-26 12:00:00,103436.33781077634
2025-11-28 12:00:00,103600.71009800013
2025-12-01 12:00:00,103442.80614613005
2025-12-02 12:00:00,103575.49657429248
2025-12-03 12:00:00,103801.3499231626
2025-12-04 12:00:00,103887.92647704264
2025-12-05 12:00:00,104059.0602788692
2025-12-08 12:00:00,103816.49047228409
2025-12-09 12:00:00,103792.23731534896
2025-12-10 12:00:00,104537.20055188145
2025-12-11 12:00:00,105007.16356600364
2025-12-12 12:00:00,103965.95448079228
2025-12-15 12:00:00,103937.8207487188
2025-12-16 12:00:00,103685.14640788856
2025-12-17 12:00:00,101885.44516236076
2025-12-18 12:00:00,102954.90630325634
2025-12-19 12:00:00,104619.6269529583
2025-12-22 12:00:00,105335.47088703082
2025-12-23 12:00:00,105538.60958650336
2025-12-24 12:00:00,105788.30831445692
2025-12-26 12:00:00,106036.73428861715
2025-12-29 12:00:00,105867.28832821563
2025-12-30 12:00:00,105816.09917051138
2025-12-31 12:00:00,105199.32669021527
2026-01-02 12:00:00,105526.68484129562
2026-01-05 12:00:00,106343.09583236097
2026-01-06 12:00:00,106980.69096249796
2026-01-07 12:00:00,106691.37044511185
2026-01-08 12:00:00,106734.30262662435
2026-01-09 12:00:00,107702.30350834582
2026-01-12 12:00:00,107987.0377460751
2026-01-13 12:00:00,107842.08445634219
2026-01-14 12:00:00,107483.08000315374
2026-01-15 12:00:00,107932.44969710003
2026-01-16 12:00:00,107950.5439885958
2026-01-20 12:00:00,105063.6121356884
2026-01-21 12:00:00,106099.99264819446
2026-01-22 12:00:00,106823.12512258452
2026-01-23 12:00:00,106869.54670661924
2026-01-26 12:00:00,107619.40185200158
2026-01-27 12:00:00,107988.85000478977
2026-01-28 12:00:00,108083.66645462255
2026-01-29 12:00:00,107914.41072332501
2026-01-30 12:00:00,107762.63913781839
2026-02-02 12:00:00,108737.16807932398
2026-02-03 12:00:00,107920.83425713505
2026-02-04 12:00:00,107382.62651407122
2026-02-05 12:00:00,106061.82434804182
2026-02-06 12:00:00,108126.23515956136
2026-02-09 12:00:00,108736.92478138302
2026-02-10 12:00:00,108573.55675350953
2026-02-11 12:00:00,108693.82710860393
2026-02-12 12:00:00,106647.98428488761
2026-02-13 12:00:00,107087.94542525848
2026-02-17 12:00:00,107447.36913612997
2026-02-18 12:00:00,108072.53540755832
2026-02-19 12:00:00,107778.50503322133
2026-02-20 12:00:00,108890.95551444148
2026-02-23 12:00:00,107571.23729043934
2026-02-24 12:00:00,108404.89304012552
2026-02-25 12:00:00,109427.71613797566
2026-02-26 12:00:00,108985.810260453
2026-02-27 12:00:00,108372.10287500947
2026-03-02 12:00:00,108506.2900000058
2026-03-03 12:00:00,107669.67055625867
2026-03-04 12:00:00,108544.8817426899
2026-03-05 12:00:00,107843.28976100756
2026-03-06 12:00:00,106439.47438486037
2026-03-09 12:00:00,107357.26463893036
2026-03-10 12:00:00,107277.52217903206
2026-03-11 12:00:00,107169.83473414191
2026-03-12 12:00:00,105678.64488075502
2026-03-13 12:00:00,105196.76756472082
2026-03-16 12:00:00,105794.83529580379
2026-03-17 12:00:00,106079.50112208675
2026-03-18 12:00:00,104898.74228884483
2026-03-19 12:00:00,104720.0087760938
2026-03-20 12:00:00,103575.199142901
2026-03-23 12:00:00,104005.45216085963
2026-03-24 12:00:00,103837.6746510622
2026-03-25 12:00:00,104250.78742230852
2026-03-26 12:00:00,102939.08870261957
2026-03-27 12:00:00,101677.66450320627
2026-03-30 12:00:00,101537.56986867616
2026-03-31 12:00:00,102714.11342128445
2026-04-01 12:00:00,103084.98656745703
2026-04-02 12:00:00,103253.45789494019
2026-04-06 12:00:00,103607.01052263429
2026-04-07 12:00:00,103510.17886908125
2026-04-08 12:00:00,104710.31065413682
2026-04-09 12:00:00,104966.48272059375
2026-04-10 12:00:00,104977.90231424908
2026-04-13 12:00:00,105263.9052276054
2026-04-14 12:00:00,105565.13563759983
2026-04-15 12:00:00,105777.51668485458
2026-04-16 12:00:00,105871.98410585205
2026-04-17 12:00:00,106276.35206825365
2026-04-20 12:00:00,106180.44652522772
2026-04-21 12:00:00,105902.75115305159
2026-04-22 12:00:00,106444.06820299936
2026-04-23 12:00:00,106252.09423530172
2026-04-24 12:00:00,106774.41663353876
2026-04-27 12:00:00,107050.1402706861
2026-04-28 12:00:00,106801.74715343528
2026-04-29 12:00:00,106759.86140336198
2026-04-30 12:00:00,107793.75003455637
2026-05-01 12:00:00,108032.77699068046
2026-05-04 12:00:00,107776.39972318217
2026-05-05 12:00:00,108529.2496764998
2026-05-06 12:00:00,109142.73979357484
2026-05-07 12:00:00,109133.03076691076
2026-05-08 12:00:00,109492.84387790706
2026-05-11 12:00:00,109541.91182181909
2026-05-12 12:00:00,109542.50664551696
2026-05-13 12:00:00,109848.10262269128
2026-05-14 12:00:00,110262.05902551749
2026-05-15 12:00:00,109588.60324549305
2026-05-18 12:00:00,109650.91540983552
2026-05-19 12:00:00,109122.00241259535
2026-05-20 12:00:00,110252.00816581491
2026-05-21 12:00:00,110622.50043291674
2026-05-22 12:00:00,111009.14031193999
2026-05-26 12:00:00,111690.51993152412
2026-05-27 12:00:00,111913.92140802558
2026-05-28 12:00:00,112278.62581073877
2026-05-29 12:00:00,112442.53033198719
2026-06-01 12:00:00,112642.2273560667
2026-06-02 12:00:00,112771.12735872401
2026-06-03 12:00:00,112396.19653923123
2026-06-04 12:00:00,112753.2957681382
2026-06-05 12:00:00,110637.21161789206
2026-06-08 12:00:00,110560.46806670615
2026-06-09 12:00:00,110419.62821300467
2026-06-10 12:00:00,109422.18365025337
2026-06-11 12:00:00,109968.34691725377
2026-06-12 12:00:00,110273.48688452053
2026-06-15 12:00:00,110987.17614812223
2026-06-16 12:00:00,110831.52818313174
2026-06-17 12:00:00,110180.57471519499
2026-06-18 12:00:00,110980.40256302859
2026-06-22 12:00:00,110817.79415774692
2026-06-23 12:00:00,109507.35362779157
2026-06-24 12:00:00,109559.95276587215
2026-06-25 12:00:00,109748.55875535886
2026-06-26 12:00:00,108935.70004149707
2026-06-29 12:00:00,110712.16523209718
2026-06-30 12:00:00,111237.5948072744
2026-07-01 12:00:00,111255.00516032442
2026-07-02 12:00:00,111306.05495725811
2026-07-06 12:00:00,112197.81776812626
2026-07-07 12:00:00,111929.7548798999
2026-07-08 12:00:00,111691.56463261967
